city,year,treat,batch,first_treat_year
七台河市,1990,0,0,0
七台河市,1991,0,0,0
七台河市,1992,0,0,0
七台河市,1993,0,0,0
七台河市,1994,0,0,0
七台河市,1995,0,0,0
七台河市,1996,0,0,0
七台河市,1997,0,0,0
七台河市,1998,0,0,0
七台河市,1999,0,0,0
七台河市,2000,0,0,0
七台河市,2001,0,0,0
七台河市,2002,0,0,0
七台河市,2003,0,0,0
七台河市,2004,0,0,0
七台河市,2005,0,0,0
七台河市,2006,0,0,0
七台河市,2007,0,0,0
七台河市,2008,0,0,0
七台河市,2009,0,0,0
七台河市,2010,0,0,0
七台河市,2011,0,0,0
七台河市,2012,0,0,0
七台河市,2013,0,0,0
七台河市,2014,0,0,0
七台河市,2015,0,0,0
七台河市,2016,0,0,0
七台河市,2017,0,0,0
七台河市,2018,0,0,0
七台河市,2019,0,0,0
七台河市,2020,0,0,0
七台河市,2021,0,0,0
七台河市,2022,0,0,0
七台河市,2023,0,0,0
三亚市,1990,0,2,2016
三亚市,1991,0,2,2016
三亚市,1992,0,2,2016
三亚市,1993,0,2,2016
三亚市,1994,0,2,2016
三亚市,1995,0,2,2016
三亚市,1996,0,2,2016
三亚市,1997,0,2,2016
三亚市,1998,0,2,2016
三亚市,1999,0,2,2016
三亚市,2000,0,2,2016
三亚市,2001,0,2,2016
三亚市,2002,0,2,2016
三亚市,2003,0,2,2016
三亚市,2004,0,2,2016
三亚市,2005,0,2,2016
三亚市,2006,0,2,2016
三亚市,2007,0,2,2016
三亚市,2008,0,2,2016
三亚市,2009,0,2,2016
三亚市,2010,0,2,2016
三亚市,2011,0,2,2016
三亚市,2012,0,2,2016
三亚市,2013,0,2,2016
三亚市,2014,0,2,2016
三亚市,2015,0,2,2016
三亚市,2016,1,2,2016
三亚市,2017,1,2,2016
三亚市,2018,1,2,2016
三亚市,2019,1,2,2016
三亚市,2020,1,2,2016
三亚市,2021,1,2,2016
三亚市,2022,1,2,2016
三亚市,2023,1,2,2016
三明市,1990,0,0,0
三明市,1991,0,0,0
三明市,1992,0,0,0
三明市,1993,0,0,0
三明市,1994,0,0,0
三明市,1995,0,0,0
三明市,1996,0,0,0
三明市,1997,0,0,0
三明市,1998,0,0,0
三明市,1999,0,0,0
三明市,2000,0,0,0
三明市,2001,0,0,0
三明市,2002,0,0,0
三明市,2003,0,0,0
三明市,2004,0,0,0
三明市,2005,0,0,0
三明市,2006,0,0,0
三明市,2007,0,0,0
三明市,2008,0,0,0
三明市,2009,0,0,0
三明市,2010,0,0,0
三明市,2011,0,0,0
三明市,2012,0,0,0
三明市,2013,0,0,0
三明市,2014,0,0,0
三明市,2015,0,0,0
三明市,2016,0,0,0
三明市,2017,0,0,0
三明市,2018,0,0,0
三明市,2019,0,0,0
三明市,2020,0,0,0
三明市,2021,0,0,0
三明市,2022,0,0,0
三明市,2023,0,0,0
三沙市,1990,0,0,0
三沙市,1991,0,0,0
三沙市,1992,0,0,0
三沙市,1993,0,0,0
三沙市,1994,0,0,0
三沙市,1995,0,0,0
三沙市,1996,0,0,0
三沙市,1997,0,0,0
三沙市,1998,0,0,0
三沙市,1999,0,0,0
三沙市,2000,0,0,0
三沙市,2001,0,0,0
三沙市,2002,0,0,0
三沙市,2003,0,0,0
三沙市,2004,0,0,0
三沙市,2005,0,0,0
三沙市,2006,0,0,0
三沙市,2007,0,0,0
三沙市,2008,0,0,0
三沙市,2009,0,0,0
三沙市,2010,0,0,0
三沙市,2011,0,0,0
三沙市,2012,0,0,0
三沙市,2013,0,0,0
三沙市,2014,0,0,0
三沙市,2015,0,0,0
三沙市,2016,0,0,0
三沙市,2017,0,0,0
三沙市,2018,0,0,0
三沙市,2019,0,0,0
三沙市,2020,0,0,0
三沙市,2021,0,0,0
三沙市,2022,0,0,0
三沙市,2023,0,0,0
三门峡市,1990,0,0,0
三门峡市,1991,0,0,0
三门峡市,1992,0,0,0
三门峡市,1993,0,0,0
三门峡市,1994,0,0,0
三门峡市,1995,0,0,0
三门峡市,1996,0,0,0
三门峡市,1997,0,0,0
三门峡市,1998,0,0,0
三门峡市,1999,0,0,0
三门峡市,2000,0,0,0
三门峡市,2001,0,0,0
三门峡市,2002,0,0,0
三门峡市,2003,0,0,0
三门峡市,2004,0,0,0
三门峡市,2005,0,0,0
三门峡市,2006,0,0,0
三门峡市,2007,0,0,0
三门峡市,2008,0,0,0
三门峡市,2009,0,0,0
三门峡市,2010,0,0,0
三门峡市,2011,0,0,0
三门峡市,2012,0,0,0
三门峡市,2013,0,0,0
三门峡市,2014,0,0,0
三门峡市,2015,0,0,0
三门峡市,2016,0,0,0
三门峡市,2017,0,0,0
三门峡市,2018,0,0,0
三门峡市,2019,0,0,0
三门峡市,2020,0,0,0
三门峡市,2021,0,0,0
三门峡市,2022,0,0,0
三门峡市,2023,0,0,0
上海市,1990,0,2,2016
上海市,1991,0,2,2016
上海市,1992,0,2,2016
上海市,1993,0,2,2016
上海市,1994,0,2,2016
上海市,1995,0,2,2016
上海市,1996,0,2,2016
上海市,1997,0,2,2016
上海市,1998,0,2,2016
上海市,1999,0,2,2016
上海市,2000,0,2,2016
上海市,2001,0,2,2016
上海市,2002,0,2,2016
上海市,2003,0,2,2016
上海市,2004,0,2,2016
上海市,2005,0,2,2016
上海市,2006,0,2,2016
上海市,2007,0,2,2016
上海市,2008,0,2,2016
上海市,2009,0,2,2016
上海市,2010,0,2,2016
上海市,2011,0,2,2016
上海市,2012,0,2,2016
上海市,2013,0,2,2016
上海市,2014,0,2,2016
上海市,2015,0,2,2016
上海市,2016,1,2,2016
上海市,2017,1,2,2016
上海市,2018,1,2,2016
上海市,2019,1,2,2016
上海市,2020,1,2,2016
上海市,2021,1,2,2016
上海市,2022,1,2,2016
上海市,2023,1,2,2016
上饶市,1990,0,0,0
上饶市,1991,0,0,0
上饶市,1992,0,0,0
上饶市,1993,0,0,0
上饶市,1994,0,0,0
上饶市,1995,0,0,0
上饶市,1996,0,0,0
上饶市,1997,0,0,0
上饶市,1998,0,0,0
上饶市,1999,0,0,0
上饶市,2000,0,0,0
上饶市,2001,0,0,0
上饶市,2002,0,0,0
上饶市,2003,0,0,0
上饶市,2004,0,0,0
上饶市,2005,0,0,0
上饶市,2006,0,0,0
上饶市,2007,0,0,0
上饶市,2008,0,0,0
上饶市,2009,0,0,0
上饶市,2010,0,0,0
上饶市,2011,0,0,0
上饶市,2012,0,0,0
上饶市,2013,0,0,0
上饶市,2014,0,0,0
上饶市,2015,0,0,0
上饶市,2016,0,0,0
上饶市,2017,0,0,0
上饶市,2018,0,0,0
上饶市,2019,0,0,0
上饶市,2020,0,0,0
上饶市,2021,0,0,0
上饶市,2022,0,0,0
上饶市,2023,0,0,0
东莞市,1990,0,0,0
东莞市,1991,0,0,0
东莞市,1992,0,0,0
东莞市,1993,0,0,0
东莞市,1994,0,0,0
东莞市,1995,0,0,0
东莞市,1996,0,0,0
东莞市,1997,0,0,0
东莞市,1998,0,0,0
东莞市,1999,0,0,0
东莞市,2000,0,0,0
东莞市,2001,0,0,0
东莞市,2002,0,0,0
东莞市,2003,0,0,0
东莞市,2004,0,0,0
东莞市,2005,0,0,0
东莞市,2006,0,0,0
东莞市,2007,0,0,0
东莞市,2008,0,0,0
东莞市,2009,0,0,0
东莞市,2010,0,0,0
东莞市,2011,0,0,0
东莞市,2012,0,0,0
东莞市,2013,0,0,0
东莞市,2014,0,0,0
东莞市,2015,0,0,0
东莞市,2016,0,0,0
东莞市,2017,0,0,0
东莞市,2018,0,0,0
东莞市,2019,0,0,0
东莞市,2020,0,0,0
东莞市,2021,0,0,0
东莞市,2022,0,0,0
东莞市,2023,0,0,0
东营市,1990,0,0,0
东营市,1991,0,0,0
东营市,1992,0,0,0
东营市,1993,0,0,0
东营市,1994,0,0,0
东营市,1995,0,0,0
东营市,1996,0,0,0
东营市,1997,0,0,0
东营市,1998,0,0,0
东营市,1999,0,0,0
东营市,2000,0,0,0
东营市,2001,0,0,0
东营市,2002,0,0,0
东营市,2003,0,0,0
东营市,2004,0,0,0
东营市,2005,0,0,0
东营市,2006,0,0,0
东营市,2007,0,0,0
东营市,2008,0,0,0
东营市,2009,0,0,0
东营市,2010,0,0,0
东营市,2011,0,0,0
东营市,2012,0,0,0
东营市,2013,0,0,0
东营市,2014,0,0,0
东营市,2015,0,0,0
东营市,2016,0,0,0
东营市,2017,0,0,0
东营市,2018,0,0,0
东营市,2019,0,0,0
东营市,2020,0,0,0
东营市,2021,0,0,0
东营市,2022,0,0,0
东营市,2023,0,0,0
中卫市,1990,0,0,0
中卫市,1991,0,0,0
中卫市,1992,0,0,0
中卫市,1993,0,0,0
中卫市,1994,0,0,0
中卫市,1995,0,0,0
中卫市,1996,0,0,0
中卫市,1997,0,0,0
中卫市,1998,0,0,0
中卫市,1999,0,0,0
中卫市,2000,0,0,0
中卫市,2001,0,0,0
中卫市,2002,0,0,0
中卫市,2003,0,0,0
中卫市,2004,0,0,0
中卫市,2005,0,0,0
中卫市,2006,0,0,0
中卫市,2007,0,0,0
中卫市,2008,0,0,0
中卫市,2009,0,0,0
中卫市,2010,0,0,0
中卫市,2011,0,0,0
中卫市,2012,0,0,0
中卫市,2013,0,0,0
中卫市,2014,0,0,0
中卫市,2015,0,0,0
中卫市,2016,0,0,0
中卫市,2017,0,0,0
中卫市,2018,0,0,0
中卫市,2019,0,0,0
中卫市,2020,0,0,0
中卫市,2021,0,0,0
中卫市,2022,0,0,0
中卫市,2023,0,0,0
中山市,1990,0,0,0
中山市,1991,0,0,0
中山市,1992,0,0,0
中山市,1993,0,0,0
中山市,1994,0,0,0
中山市,1995,0,0,0
中山市,1996,0,0,0
中山市,1997,0,0,0
中山市,1998,0,0,0
中山市,1999,0,0,0
中山市,2000,0,0,0
中山市,2001,0,0,0
中山市,2002,0,0,0
中山市,2003,0,0,0
中山市,2004,0,0,0
中山市,2005,0,0,0
中山市,2006,0,0,0
中山市,2007,0,0,0
中山市,2008,0,0,0
中山市,2009,0,0,0
中山市,2010,0,0,0
中山市,2011,0,0,0
中山市,2012,0,0,0
中山市,2013,0,0,0
中山市,2014,0,0,0
中山市,2015,0,0,0
中山市,2016,0,0,0
中山市,2017,0,0,0
中山市,2018,0,0,0
中山市,2019,0,0,0
中山市,2020,0,0,0
中山市,2021,0,0,0
中山市,2022,0,0,0
中山市,2023,0,0,0
临汾市,1990,0,0,0
临汾市,1991,0,0,0
临汾市,1992,0,0,0
临汾市,1993,0,0,0
临汾市,1994,0,0,0
临汾市,1995,0,0,0
临汾市,1996,0,0,0
临汾市,1997,0,0,0
临汾市,1998,0,0,0
临汾市,1999,0,0,0
临汾市,2000,0,0,0
临汾市,2001,0,0,0
临汾市,2002,0,0,0
临汾市,2003,0,0,0
临汾市,2004,0,0,0
临汾市,2005,0,0,0
临汾市,2006,0,0,0
临汾市,2007,0,0,0
临汾市,2008,0,0,0
临汾市,2009,0,0,0
临汾市,2010,0,0,0
临汾市,2011,0,0,0
临汾市,2012,0,0,0
临汾市,2013,0,0,0
临汾市,2014,0,0,0
临汾市,2015,0,0,0
临汾市,2016,0,0,0
临汾市,2017,0,0,0
临汾市,2018,0,0,0
临汾市,2019,0,0,0
临汾市,2020,0,0,0
临汾市,2021,0,0,0
临汾市,2022,0,0,0
临汾市,2023,0,0,0
临沂市,1990,0,0,0
临沂市,1991,0,0,0
临沂市,1992,0,0,0
临沂市,1993,0,0,0
临沂市,1994,0,0,0
临沂市,1995,0,0,0
临沂市,1996,0,0,0
临沂市,1997,0,0,0
临沂市,1998,0,0,0
临沂市,1999,0,0,0
临沂市,2000,0,0,0
临沂市,2001,0,0,0
临沂市,2002,0,0,0
临沂市,2003,0,0,0
临沂市,2004,0,0,0
临沂市,2005,0,0,0
临沂市,2006,0,0,0
临沂市,2007,0,0,0
临沂市,2008,0,0,0
临沂市,2009,0,0,0
临沂市,2010,0,0,0
临沂市,2011,0,0,0
临沂市,2012,0,0,0
临沂市,2013,0,0,0
临沂市,2014,0,0,0
临沂市,2015,0,0,0
临沂市,2016,0,0,0
临沂市,2017,0,0,0
临沂市,2018,0,0,0
临沂市,2019,0,0,0
临沂市,2020,0,0,0
临沂市,2021,0,0,0
临沂市,2022,0,0,0
临沂市,2023,0,0,0
临沧市,1990,0,0,0
临沧市,1991,0,0,0
临沧市,1992,0,0,0
临沧市,1993,0,0,0
临沧市,1994,0,0,0
临沧市,1995,0,0,0
临沧市,1996,0,0,0
临沧市,1997,0,0,0
临沧市,1998,0,0,0
临沧市,1999,0,0,0
临沧市,2000,0,0,0
临沧市,2001,0,0,0
临沧市,2002,0,0,0
临沧市,2003,0,0,0
临沧市,2004,0,0,0
临沧市,2005,0,0,0
临沧市,2006,0,0,0
临沧市,2007,0,0,0
临沧市,2008,0,0,0
临沧市,2009,0,0,0
临沧市,2010,0,0,0
临沧市,2011,0,0,0
临沧市,2012,0,0,0
临沧市,2013,0,0,0
临沧市,2014,0,0,0
临沧市,2015,0,0,0
临沧市,2016,0,0,0
临沧市,2017,0,0,0
临沧市,2018,0,0,0
临沧市,2019,0,0,0
临沧市,2020,0,0,0
临沧市,2021,0,0,0
临沧市,2022,0,0,0
临沧市,2023,0,0,0
丹东市,1990,0,0,0
丹东市,1991,0,0,0
丹东市,1992,0,0,0
丹东市,1993,0,0,0
丹东市,1994,0,0,0
丹东市,1995,0,0,0
丹东市,1996,0,0,0
丹东市,1997,0,0,0
丹东市,1998,0,0,0
丹东市,1999,0,0,0
丹东市,2000,0,0,0
丹东市,2001,0,0,0
丹东市,2002,0,0,0
丹东市,2003,0,0,0
丹东市,2004,0,0,0
丹东市,2005,0,0,0
丹东市,2006,0,0,0
丹东市,2007,0,0,0
丹东市,2008,0,0,0
丹东市,2009,0,0,0
丹东市,2010,0,0,0
丹东市,2011,0,0,0
丹东市,2012,0,0,0
丹东市,2013,0,0,0
丹东市,2014,0,0,0
丹东市,2015,0,0,0
丹东市,2016,0,0,0
丹东市,2017,0,0,0
丹东市,2018,0,0,0
丹东市,2019,0,0,0
丹东市,2020,0,0,0
丹东市,2021,0,0,0
丹东市,2022,0,0,0
丹东市,2023,0,0,0
丽水市,1990,0,0,0
丽水市,1991,0,0,0
丽水市,1992,0,0,0
丽水市,1993,0,0,0
丽水市,1994,0,0,0
丽水市,1995,0,0,0
丽水市,1996,0,0,0
丽水市,1997,0,0,0
丽水市,1998,0,0,0
丽水市,1999,0,0,0
丽水市,2000,0,0,0
丽水市,2001,0,0,0
丽水市,2002,0,0,0
丽水市,2003,0,0,0
丽水市,2004,0,0,0
丽水市,2005,0,0,0
丽水市,2006,0,0,0
丽水市,2007,0,0,0
丽水市,2008,0,0,0
丽水市,2009,0,0,0
丽水市,2010,0,0,0
丽水市,2011,0,0,0
丽水市,2012,0,0,0
丽水市,2013,0,0,0
丽水市,2014,0,0,0
丽水市,2015,0,0,0
丽水市,2016,0,0,0
丽水市,2017,0,0,0
丽水市,2018,0,0,0
丽水市,2019,0,0,0
丽水市,2020,0,0,0
丽水市,2021,0,0,0
丽水市,2022,0,0,0
丽水市,2023,0,0,0
丽江市,1990,0,0,0
丽江市,1991,0,0,0
丽江市,1992,0,0,0
丽江市,1993,0,0,0
丽江市,1994,0,0,0
丽江市,1995,0,0,0
丽江市,1996,0,0,0
丽江市,1997,0,0,0
丽江市,1998,0,0,0
丽江市,1999,0,0,0
丽江市,2000,0,0,0
丽江市,2001,0,0,0
丽江市,2002,0,0,0
丽江市,2003,0,0,0
丽江市,2004,0,0,0
丽江市,2005,0,0,0
丽江市,2006,0,0,0
丽江市,2007,0,0,0
丽江市,2008,0,0,0
丽江市,2009,0,0,0
丽江市,2010,0,0,0
丽江市,2011,0,0,0
丽江市,2012,0,0,0
丽江市,2013,0,0,0
丽江市,2014,0,0,0
丽江市,2015,0,0,0
丽江市,2016,0,0,0
丽江市,2017,0,0,0
丽江市,2018,0,0,0
丽江市,2019,0,0,0
丽江市,2020,0,0,0
丽江市,2021,0,0,0
丽江市,2022,0,0,0
丽江市,2023,0,0,0
乌兰察布市,1990,0,0,0
乌兰察布市,1991,0,0,0
乌兰察布市,1992,0,0,0
乌兰察布市,1993,0,0,0
乌兰察布市,1994,0,0,0
乌兰察布市,1995,0,0,0
乌兰察布市,1996,0,0,0
乌兰察布市,1997,0,0,0
乌兰察布市,1998,0,0,0
乌兰察布市,1999,0,0,0
乌兰察布市,2000,0,0,0
乌兰察布市,2001,0,0,0
乌兰察布市,2002,0,0,0
乌兰察布市,2003,0,0,0
乌兰察布市,2004,0,0,0
乌兰察布市,2005,0,0,0
乌兰察布市,2006,0,0,0
乌兰察布市,2007,0,0,0
乌兰察布市,2008,0,0,0
乌兰察布市,2009,0,0,0
乌兰察布市,2010,0,0,0
乌兰察布市,2011,0,0,0
乌兰察布市,2012,0,0,0
乌兰察布市,2013,0,0,0
乌兰察布市,2014,0,0,0
乌兰察布市,2015,0,0,0
乌兰察布市,2016,0,0,0
乌兰察布市,2017,0,0,0
乌兰察布市,2018,0,0,0
乌兰察布市,2019,0,0,0
乌兰察布市,2020,0,0,0
乌兰察布市,2021,0,0,0
乌兰察布市,2022,0,0,0
乌兰察布市,2023,0,0,0
乌海市,1990,0,0,0
乌海市,1991,0,0,0
乌海市,1992,0,0,0
乌海市,1993,0,0,0
乌海市,1994,0,0,0
乌海市,1995,0,0,0
乌海市,1996,0,0,0
乌海市,1997,0,0,0
乌海市,1998,0,0,0
乌海市,1999,0,0,0
乌海市,2000,0,0,0
乌海市,2001,0,0,0
乌海市,2002,0,0,0
乌海市,2003,0,0,0
乌海市,2004,0,0,0
乌海市,2005,0,0,0
乌海市,2006,0,0,0
乌海市,2007,0,0,0
乌海市,2008,0,0,0
乌海市,2009,0,0,0
乌海市,2010,0,0,0
乌海市,2011,0,0,0
乌海市,2012,0,0,0
乌海市,2013,0,0,0
乌海市,2014,0,0,0
乌海市,2015,0,0,0
乌海市,2016,0,0,0
乌海市,2017,0,0,0
乌海市,2018,0,0,0
乌海市,2019,0,0,0
乌海市,2020,0,0,0
乌海市,2021,0,0,0
乌海市,2022,0,0,0
乌海市,2023,0,0,0
乌鲁木齐市,1990,0,0,0
乌鲁木齐市,1991,0,0,0
乌鲁木齐市,1992,0,0,0
乌鲁木齐市,1993,0,0,0
乌鲁木齐市,1994,0,0,0
乌鲁木齐市,1995,0,0,0
乌鲁木齐市,1996,0,0,0
乌鲁木齐市,1997,0,0,0
乌鲁木齐市,1998,0,0,0
乌鲁木齐市,1999,0,0,0
乌鲁木齐市,2000,0,0,0
乌鲁木齐市,2001,0,0,0
乌鲁木齐市,2002,0,0,0
乌鲁木齐市,2003,0,0,0
乌鲁木齐市,2004,0,0,0
乌鲁木齐市,2005,0,0,0
乌鲁木齐市,2006,0,0,0
乌鲁木齐市,2007,0,0,0
乌鲁木齐市,2008,0,0,0
乌鲁木齐市,2009,0,0,0
乌鲁木齐市,2010,0,0,0
乌鲁木齐市,2011,0,0,0
乌鲁木齐市,2012,0,0,0
乌鲁木齐市,2013,0,0,0
乌鲁木齐市,2014,0,0,0
乌鲁木齐市,2015,0,0,0
乌鲁木齐市,2016,0,0,0
乌鲁木齐市,2017,0,0,0
乌鲁木齐市,2018,0,0,0
乌鲁木齐市,2019,0,0,0
乌鲁木齐市,2020,0,0,0
乌鲁木齐市,2021,0,0,0
乌鲁木齐市,2022,0,0,0
乌鲁木齐市,2023,0,0,0
乐山市,1990,0,0,0
乐山市,1991,0,0,0
乐山市,1992,0,0,0
乐山市,1993,0,0,0
乐山市,1994,0,0,0
乐山市,1995,0,0,0
乐山市,1996,0,0,0
乐山市,1997,0,0,0
乐山市,1998,0,0,0
乐山市,1999,0,0,0
乐山市,2000,0,0,0
乐山市,2001,0,0,0
乐山市,2002,0,0,0
乐山市,2003,0,0,0
乐山市,2004,0,0,0
乐山市,2005,0,0,0
乐山市,2006,0,0,0
乐山市,2007,0,0,0
乐山市,2008,0,0,0
乐山市,2009,0,0,0
乐山市,2010,0,0,0
乐山市,2011,0,0,0
乐山市,2012,0,0,0
乐山市,2013,0,0,0
乐山市,2014,0,0,0
乐山市,2015,0,0,0
乐山市,2016,0,0,0
乐山市,2017,0,0,0
乐山市,2018,0,0,0
乐山市,2019,0,0,0
乐山市,2020,0,0,0
乐山市,2021,0,0,0
乐山市,2022,0,0,0
乐山市,2023,0,0,0
九江市,1990,0,0,0
九江市,1991,0,0,0
九江市,1992,0,0,0
九江市,1993,0,0,0
九江市,1994,0,0,0
九江市,1995,0,0,0
九江市,1996,0,0,0
九江市,1997,0,0,0
九江市,1998,0,0,0
九江市,1999,0,0,0
九江市,2000,0,0,0
九江市,2001,0,0,0
九江市,2002,0,0,0
九江市,2003,0,0,0
九江市,2004,0,0,0
九江市,2005,0,0,0
九江市,2006,0,0,0
九江市,2007,0,0,0
九江市,2008,0,0,0
九江市,2009,0,0,0
九江市,2010,0,0,0
九江市,2011,0,0,0
九江市,2012,0,0,0
九江市,2013,0,0,0
九江市,2014,0,0,0
九江市,2015,0,0,0
九江市,2016,0,0,0
九江市,2017,0,0,0
九江市,2018,0,0,0
九江市,2019,0,0,0
九江市,2020,0,0,0
九江市,2021,0,0,0
九江市,2022,0,0,0
九江市,2023,0,0,0
云浮市,1990,0,0,0
云浮市,1991,0,0,0
云浮市,1992,0,0,0
云浮市,1993,0,0,0
云浮市,1994,0,0,0
云浮市,1995,0,0,0
云浮市,1996,0,0,0
云浮市,1997,0,0,0
云浮市,1998,0,0,0
云浮市,1999,0,0,0
云浮市,2000,0,0,0
云浮市,2001,0,0,0
云浮市,2002,0,0,0
云浮市,2003,0,0,0
云浮市,2004,0,0,0
云浮市,2005,0,0,0
云浮市,2006,0,0,0
云浮市,2007,0,0,0
云浮市,2008,0,0,0
云浮市,2009,0,0,0
云浮市,2010,0,0,0
云浮市,2011,0,0,0
云浮市,2012,0,0,0
云浮市,2013,0,0,0
云浮市,2014,0,0,0
云浮市,2015,0,0,0
云浮市,2016,0,0,0
云浮市,2017,0,0,0
云浮市,2018,0,0,0
云浮市,2019,0,0,0
云浮市,2020,0,0,0
云浮市,2021,0,0,0
云浮市,2022,0,0,0
云浮市,2023,0,0,0
亳州市,1990,0,0,0
亳州市,1991,0,0,0
亳州市,1992,0,0,0
亳州市,1993,0,0,0
亳州市,1994,0,0,0
亳州市,1995,0,0,0
亳州市,1996,0,0,0
亳州市,1997,0,0,0
亳州市,1998,0,0,0
亳州市,1999,0,0,0
亳州市,2000,0,0,0
亳州市,2001,0,0,0
亳州市,2002,0,0,0
亳州市,2003,0,0,0
亳州市,2004,0,0,0
亳州市,2005,0,0,0
亳州市,2006,0,0,0
亳州市,2007,0,0,0
亳州市,2008,0,0,0
亳州市,2009,0,0,0
亳州市,2010,0,0,0
亳州市,2011,0,0,0
亳州市,2012,0,0,0
亳州市,2013,0,0,0
亳州市,2014,0,0,0
亳州市,2015,0,0,0
亳州市,2016,0,0,0
亳州市,2017,0,0,0
亳州市,2018,0,0,0
亳州市,2019,0,0,0
亳州市,2020,0,0,0
亳州市,2021,0,0,0
亳州市,2022,0,0,0
亳州市,2023,0,0,0
伊春市,1990,0,0,0
伊春市,1991,0,0,0
伊春市,1992,0,0,0
伊春市,1993,0,0,0
伊春市,1994,0,0,0
伊春市,1995,0,0,0
伊春市,1996,0,0,0
伊春市,1997,0,0,0
伊春市,1998,0,0,0
伊春市,1999,0,0,0
伊春市,2000,0,0,0
伊春市,2001,0,0,0
伊春市,2002,0,0,0
伊春市,2003,0,0,0
伊春市,2004,0,0,0
伊春市,2005,0,0,0
伊春市,2006,0,0,0
伊春市,2007,0,0,0
伊春市,2008,0,0,0
伊春市,2009,0,0,0
伊春市,2010,0,0,0
伊春市,2011,0,0,0
伊春市,2012,0,0,0
伊春市,2013,0,0,0
伊春市,2014,0,0,0
伊春市,2015,0,0,0
伊春市,2016,0,0,0
伊春市,2017,0,0,0
伊春市,2018,0,0,0
伊春市,2019,0,0,0
伊春市,2020,0,0,0
伊春市,2021,0,0,0
伊春市,2022,0,0,0
伊春市,2023,0,0,0
佛山市,1990,0,0,0
佛山市,1991,0,0,0
佛山市,1992,0,0,0
佛山市,1993,0,0,0
佛山市,1994,0,0,0
佛山市,1995,0,0,0
佛山市,1996,0,0,0
佛山市,1997,0,0,0
佛山市,1998,0,0,0
佛山市,1999,0,0,0
佛山市,2000,0,0,0
佛山市,2001,0,0,0
佛山市,2002,0,0,0
佛山市,2003,0,0,0
佛山市,2004,0,0,0
佛山市,2005,0,0,0
佛山市,2006,0,0,0
佛山市,2007,0,0,0
佛山市,2008,0,0,0
佛山市,2009,0,0,0
佛山市,2010,0,0,0
佛山市,2011,0,0,0
佛山市,2012,0,0,0
佛山市,2013,0,0,0
佛山市,2014,0,0,0
佛山市,2015,0,0,0
佛山市,2016,0,0,0
佛山市,2017,0,0,0
佛山市,2018,0,0,0
佛山市,2019,0,0,0
佛山市,2020,0,0,0
佛山市,2021,0,0,0
佛山市,2022,0,0,0
佛山市,2023,0,0,0
佳木斯市,1990,0,0,0
佳木斯市,1991,0,0,0
佳木斯市,1992,0,0,0
佳木斯市,1993,0,0,0
佳木斯市,1994,0,0,0
佳木斯市,1995,0,0,0
佳木斯市,1996,0,0,0
佳木斯市,1997,0,0,0
佳木斯市,1998,0,0,0
佳木斯市,1999,0,0,0
佳木斯市,2000,0,0,0
佳木斯市,2001,0,0,0
佳木斯市,2002,0,0,0
佳木斯市,2003,0,0,0
佳木斯市,2004,0,0,0
佳木斯市,2005,0,0,0
佳木斯市,2006,0,0,0
佳木斯市,2007,0,0,0
佳木斯市,2008,0,0,0
佳木斯市,2009,0,0,0
佳木斯市,2010,0,0,0
佳木斯市,2011,0,0,0
佳木斯市,2012,0,0,0
佳木斯市,2013,0,0,0
佳木斯市,2014,0,0,0
佳木斯市,2015,0,0,0
佳木斯市,2016,0,0,0
佳木斯市,2017,0,0,0
佳木斯市,2018,0,0,0
佳木斯市,2019,0,0,0
佳木斯市,2020,0,0,0
佳木斯市,2021,0,0,0
佳木斯市,2022,0,0,0
佳木斯市,2023,0,0,0
保定市,1990,0,0,0
保定市,1991,0,0,0
保定市,1992,0,0,0
保定市,1993,0,0,0
保定市,1994,0,0,0
保定市,1995,0,0,0
保定市,1996,0,0,0
保定市,1997,0,0,0
保定市,1998,0,0,0
保定市,1999,0,0,0
保定市,2000,0,0,0
保定市,2001,0,0,0
保定市,2002,0,0,0
保定市,2003,0,0,0
保定市,2004,0,0,0
保定市,2005,0,0,0
保定市,2006,0,0,0
保定市,2007,0,0,0
保定市,2008,0,0,0
保定市,2009,0,0,0
保定市,2010,0,0,0
保定市,2011,0,0,0
保定市,2012,0,0,0
保定市,2013,0,0,0
保定市,2014,0,0,0
保定市,2015,0,0,0
保定市,2016,0,0,0
保定市,2017,0,0,0
保定市,2018,0,0,0
保定市,2019,0,0,0
保定市,2020,0,0,0
保定市,2021,0,0,0
保定市,2022,0,0,0
保定市,2023,0,0,0
保山市,1990,0,0,0
保山市,1991,0,0,0
保山市,1992,0,0,0
保山市,1993,0,0,0
保山市,1994,0,0,0
保山市,1995,0,0,0
保山市,1996,0,0,0
保山市,1997,0,0,0
保山市,1998,0,0,0
保山市,1999,0,0,0
保山市,2000,0,0,0
保山市,2001,0,0,0
保山市,2002,0,0,0
保山市,2003,0,0,0
保山市,2004,0,0,0
保山市,2005,0,0,0
保山市,2006,0,0,0
保山市,2007,0,0,0
保山市,2008,0,0,0
保山市,2009,0,0,0
保山市,2010,0,0,0
保山市,2011,0,0,0
保山市,2012,0,0,0
保山市,2013,0,0,0
保山市,2014,0,0,0
保山市,2015,0,0,0
保山市,2016,0,0,0
保山市,2017,0,0,0
保山市,2018,0,0,0
保山市,2019,0,0,0
保山市,2020,0,0,0
保山市,2021,0,0,0
保山市,2022,0,0,0
保山市,2023,0,0,0
信阳市,1990,0,0,0
信阳市,1991,0,0,0
信阳市,1992,0,0,0
信阳市,1993,0,0,0
信阳市,1994,0,0,0
信阳市,1995,0,0,0
信阳市,1996,0,0,0
信阳市,1997,0,0,0
信阳市,1998,0,0,0
信阳市,1999,0,0,0
信阳市,2000,0,0,0
信阳市,2001,0,0,0
信阳市,2002,0,0,0
信阳市,2003,0,0,0
信阳市,2004,0,0,0
信阳市,2005,0,0,0
信阳市,2006,0,0,0
信阳市,2007,0,0,0
信阳市,2008,0,0,0
信阳市,2009,0,0,0
信阳市,2010,0,0,0
信阳市,2011,0,0,0
信阳市,2012,0,0,0
信阳市,2013,0,0,0
信阳市,2014,0,0,0
信阳市,2015,0,0,0
信阳市,2016,0,0,0
信阳市,2017,0,0,0
信阳市,2018,0,0,0
信阳市,2019,0,0,0
信阳市,2020,0,0,0
信阳市,2021,0,0,0
信阳市,2022,0,0,0
信阳市,2023,0,0,0
儋州市,1990,0,0,0
儋州市,1991,0,0,0
儋州市,1992,0,0,0
儋州市,1993,0,0,0
儋州市,1994,0,0,0
儋州市,1995,0,0,0
儋州市,1996,0,0,0
儋州市,1997,0,0,0
儋州市,1998,0,0,0
儋州市,1999,0,0,0
儋州市,2000,0,0,0
儋州市,2001,0,0,0
儋州市,2002,0,0,0
儋州市,2003,0,0,0
儋州市,2004,0,0,0
儋州市,2005,0,0,0
儋州市,2006,0,0,0
儋州市,2007,0,0,0
儋州市,2008,0,0,0
儋州市,2009,0,0,0
儋州市,2010,0,0,0
儋州市,2011,0,0,0
儋州市,2012,0,0,0
儋州市,2013,0,0,0
儋州市,2014,0,0,0
儋州市,2015,0,0,0
儋州市,2016,0,0,0
儋州市,2017,0,0,0
儋州市,2018,0,0,0
儋州市,2019,0,0,0
儋州市,2020,0,0,0
儋州市,2021,0,0,0
儋州市,2022,0,0,0
儋州市,2023,0,0,0
克拉玛依市,1990,0,0,0
克拉玛依市,1991,0,0,0
克拉玛依市,1992,0,0,0
克拉玛依市,1993,0,0,0
克拉玛依市,1994,0,0,0
克拉玛依市,1995,0,0,0
克拉玛依市,1996,0,0,0
克拉玛依市,1997,0,0,0
克拉玛依市,1998,0,0,0
克拉玛依市,1999,0,0,0
克拉玛依市,2000,0,0,0
克拉玛依市,2001,0,0,0
克拉玛依市,2002,0,0,0
克拉玛依市,2003,0,0,0
克拉玛依市,2004,0,0,0
克拉玛依市,2005,0,0,0
克拉玛依市,2006,0,0,0
克拉玛依市,2007,0,0,0
克拉玛依市,2008,0,0,0
克拉玛依市,2009,0,0,0
克拉玛依市,2010,0,0,0
克拉玛依市,2011,0,0,0
克拉玛依市,2012,0,0,0
克拉玛依市,2013,0,0,0
克拉玛依市,2014,0,0,0
克拉玛依市,2015,0,0,0
克拉玛依市,2016,0,0,0
克拉玛依市,2017,0,0,0
克拉玛依市,2018,0,0,0
克拉玛依市,2019,0,0,0
克拉玛依市,2020,0,0,0
克拉玛依市,2021,0,0,0
克拉玛依市,2022,0,0,0
克拉玛依市,2023,0,0,0
六安市,1990,0,0,0
六安市,1991,0,0,0
六安市,1992,0,0,0
六安市,1993,0,0,0
六安市,1994,0,0,0
六安市,1995,0,0,0
六安市,1996,0,0,0
六安市,1997,0,0,0
六安市,1998,0,0,0
六安市,1999,0,0,0
六安市,2000,0,0,0
六安市,2001,0,0,0
六安市,2002,0,0,0
六安市,2003,0,0,0
六安市,2004,0,0,0
六安市,2005,0,0,0
六安市,2006,0,0,0
六安市,2007,0,0,0
六安市,2008,0,0,0
六安市,2009,0,0,0
六安市,2010,0,0,0
六安市,2011,0,0,0
六安市,2012,0,0,0
六安市,2013,0,0,0
六安市,2014,0,0,0
六安市,2015,0,0,0
六安市,2016,0,0,0
六安市,2017,0,0,0
六安市,2018,0,0,0
六安市,2019,0,0,0
六安市,2020,0,0,0
六安市,2021,0,0,0
六安市,2022,0,0,0
六安市,2023,0,0,0
六盘水市,1990,0,0,0
六盘水市,1991,0,0,0
六盘水市,1992,0,0,0
六盘水市,1993,0,0,0
六盘水市,1994,0,0,0
六盘水市,1995,0,0,0
六盘水市,1996,0,0,0
六盘水市,1997,0,0,0
六盘水市,1998,0,0,0
六盘水市,1999,0,0,0
六盘水市,2000,0,0,0
六盘水市,2001,0,0,0
六盘水市,2002,0,0,0
六盘水市,2003,0,0,0
六盘水市,2004,0,0,0
六盘水市,2005,0,0,0
六盘水市,2006,0,0,0
六盘水市,2007,0,0,0
六盘水市,2008,0,0,0
六盘水市,2009,0,0,0
六盘水市,2010,0,0,0
六盘水市,2011,0,0,0
六盘水市,2012,0,0,0
六盘水市,2013,0,0,0
六盘水市,2014,0,0,0
六盘水市,2015,0,0,0
六盘水市,2016,0,0,0
六盘水市,2017,0,0,0
六盘水市,2018,0,0,0
六盘水市,2019,0,0,0
六盘水市,2020,0,0,0
六盘水市,2021,0,0,0
六盘水市,2022,0,0,0
六盘水市,2023,0,0,0
兰州市,1990,0,0,0
兰州市,1991,0,0,0
兰州市,1992,0,0,0
兰州市,1993,0,0,0
兰州市,1994,0,0,0
兰州市,1995,0,0,0
兰州市,1996,0,0,0
兰州市,1997,0,0,0
兰州市,1998,0,0,0
兰州市,1999,0,0,0
兰州市,2000,0,0,0
兰州市,2001,0,0,0
兰州市,2002,0,0,0
兰州市,2003,0,0,0
兰州市,2004,0,0,0
兰州市,2005,0,0,0
兰州市,2006,0,0,0
兰州市,2007,0,0,0
兰州市,2008,0,0,0
兰州市,2009,0,0,0
兰州市,2010,0,0,0
兰州市,2011,0,0,0
兰州市,2012,0,0,0
兰州市,2013,0,0,0
兰州市,2014,0,0,0
兰州市,2015,0,0,0
兰州市,2016,0,0,0
兰州市,2017,0,0,0
兰州市,2018,0,0,0
兰州市,2019,0,0,0
兰州市,2020,0,0,0
兰州市,2021,0,0,0
兰州市,2022,0,0,0
兰州市,2023,0,0,0
内江市,1990,0,0,0
内江市,1991,0,0,0
内江市,1992,0,0,0
内江市,1993,0,0,0
内江市,1994,0,0,0
内江市,1995,0,0,0
内江市,1996,0,0,0
内江市,1997,0,0,0
内江市,1998,0,0,0
内江市,1999,0,0,0
内江市,2000,0,0,0
内江市,2001,0,0,0
内江市,2002,0,0,0
内江市,2003,0,0,0
内江市,2004,0,0,0
内江市,2005,0,0,0
内江市,2006,0,0,0
内江市,2007,0,0,0
内江市,2008,0,0,0
内江市,2009,0,0,0
内江市,2010,0,0,0
内江市,2011,0,0,0
内江市,2012,0,0,0
内江市,2013,0,0,0
内江市,2014,0,0,0
内江市,2015,0,0,0
内江市,2016,0,0,0
内江市,2017,0,0,0
内江市,2018,0,0,0
内江市,2019,0,0,0
内江市,2020,0,0,0
内江市,2021,0,0,0
内江市,2022,0,0,0
内江市,2023,0,0,0
包头市,1990,0,0,0
包头市,1991,0,0,0
包头市,1992,0,0,0
包头市,1993,0,0,0
包头市,1994,0,0,0
包头市,1995,0,0,0
包头市,1996,0,0,0
包头市,1997,0,0,0
包头市,1998,0,0,0
包头市,1999,0,0,0
包头市,2000,0,0,0
包头市,2001,0,0,0
包头市,2002,0,0,0
包头市,2003,0,0,0
包头市,2004,0,0,0
包头市,2005,0,0,0
包头市,2006,0,0,0
包头市,2007,0,0,0
包头市,2008,0,0,0
包头市,2009,0,0,0
包头市,2010,0,0,0
包头市,2011,0,0,0
包头市,2012,0,0,0
包头市,2013,0,0,0
包头市,2014,0,0,0
包头市,2015,0,0,0
包头市,2016,0,0,0
包头市,2017,0,0,0
包头市,2018,0,0,0
包头市,2019,0,0,0
包头市,2020,0,0,0
包头市,2021,0,0,0
包头市,2022,0,0,0
包头市,2023,0,0,0
北京市,1990,0,2,2016
北京市,1991,0,2,2016
北京市,1992,0,2,2016
北京市,1993,0,2,2016
北京市,1994,0,2,2016
北京市,1995,0,2,2016
北京市,1996,0,2,2016
北京市,1997,0,2,2016
北京市,1998,0,2,2016
北京市,1999,0,2,2016
北京市,2000,0,2,2016
北京市,2001,0,2,2016
北京市,2002,0,2,2016
北京市,2003,0,2,2016
北京市,2004,0,2,2016
北京市,2005,0,2,2016
北京市,2006,0,2,2016
北京市,2007,0,2,2016
北京市,2008,0,2,2016
北京市,2009,0,2,2016
北京市,2010,0,2,2016
北京市,2011,0,2,2016
北京市,2012,0,2,2016
北京市,2013,0,2,2016
北京市,2014,0,2,2016
北京市,2015,0,2,2016
北京市,2016,1,2,2016
北京市,2017,1,2,2016
北京市,2018,1,2,2016
北京市,2019,1,2,2016
北京市,2020,1,2,2016
北京市,2021,1,2,2016
北京市,2022,1,2,2016
北京市,2023,1,2,2016
北海市,1990,0,0,0
北海市,1991,0,0,0
北海市,1992,0,0,0
北海市,1993,0,0,0
北海市,1994,0,0,0
北海市,1995,0,0,0
北海市,1996,0,0,0
北海市,1997,0,0,0
北海市,1998,0,0,0
北海市,1999,0,0,0
北海市,2000,0,0,0
北海市,2001,0,0,0
北海市,2002,0,0,0
北海市,2003,0,0,0
北海市,2004,0,0,0
北海市,2005,0,0,0
北海市,2006,0,0,0
北海市,2007,0,0,0
北海市,2008,0,0,0
北海市,2009,0,0,0
北海市,2010,0,0,0
北海市,2011,0,0,0
北海市,2012,0,0,0
北海市,2013,0,0,0
北海市,2014,0,0,0
北海市,2015,0,0,0
北海市,2016,0,0,0
北海市,2017,0,0,0
北海市,2018,0,0,0
北海市,2019,0,0,0
北海市,2020,0,0,0
北海市,2021,0,0,0
北海市,2022,0,0,0
北海市,2023,0,0,0
十堰市,1990,0,0,0
十堰市,1991,0,0,0
十堰市,1992,0,0,0
十堰市,1993,0,0,0
十堰市,1994,0,0,0
十堰市,1995,0,0,0
十堰市,1996,0,0,0
十堰市,1997,0,0,0
十堰市,1998,0,0,0
十堰市,1999,0,0,0
十堰市,2000,0,0,0
十堰市,2001,0,0,0
十堰市,2002,0,0,0
十堰市,2003,0,0,0
十堰市,2004,0,0,0
十堰市,2005,0,0,0
十堰市,2006,0,0,0
十堰市,2007,0,0,0
十堰市,2008,0,0,0
十堰市,2009,0,0,0
十堰市,2010,0,0,0
十堰市,2011,0,0,0
十堰市,2012,0,0,0
十堰市,2013,0,0,0
十堰市,2014,0,0,0
十堰市,2015,0,0,0
十堰市,2016,0,0,0
十堰市,2017,0,0,0
十堰市,2018,0,0,0
十堰市,2019,0,0,0
十堰市,2020,0,0,0
十堰市,2021,0,0,0
十堰市,2022,0,0,0
十堰市,2023,0,0,0
南京市,1990,0,0,0
南京市,1991,0,0,0
南京市,1992,0,0,0
南京市,1993,0,0,0
南京市,1994,0,0,0
南京市,1995,0,0,0
南京市,1996,0,0,0
南京市,1997,0,0,0
南京市,1998,0,0,0
南京市,1999,0,0,0
南京市,2000,0,0,0
南京市,2001,0,0,0
南京市,2002,0,0,0
南京市,2003,0,0,0
南京市,2004,0,0,0
南京市,2005,0,0,0
南京市,2006,0,0,0
南京市,2007,0,0,0
南京市,2008,0,0,0
南京市,2009,0,0,0
南京市,2010,0,0,0
南京市,2011,0,0,0
南京市,2012,0,0,0
南京市,2013,0,0,0
南京市,2014,0,0,0
南京市,2015,0,0,0
南京市,2016,0,0,0
南京市,2017,0,0,0
南京市,2018,0,0,0
南京市,2019,0,0,0
南京市,2020,0,0,0
南京市,2021,0,0,0
南京市,2022,0,0,0
南京市,2023,0,0,0
南充市,1990,0,0,0
南充市,1991,0,0,0
南充市,1992,0,0,0
南充市,1993,0,0,0
南充市,1994,0,0,0
南充市,1995,0,0,0
南充市,1996,0,0,0
南充市,1997,0,0,0
南充市,1998,0,0,0
南充市,1999,0,0,0
南充市,2000,0,0,0
南充市,2001,0,0,0
南充市,2002,0,0,0
南充市,2003,0,0,0
南充市,2004,0,0,0
南充市,2005,0,0,0
南充市,2006,0,0,0
南充市,2007,0,0,0
南充市,2008,0,0,0
南充市,2009,0,0,0
南充市,2010,0,0,0
南充市,2011,0,0,0
南充市,2012,0,0,0
南充市,2013,0,0,0
南充市,2014,0,0,0
南充市,2015,0,0,0
南充市,2016,0,0,0
南充市,2017,0,0,0
南充市,2018,0,0,0
南充市,2019,0,0,0
南充市,2020,0,0,0
南充市,2021,0,0,0
南充市,2022,0,0,0
南充市,2023,0,0,0
南宁市,1990,0,1,2015
南宁市,1991,0,1,2015
南宁市,1992,0,1,2015
南宁市,1993,0,1,2015
南宁市,1994,0,1,2015
南宁市,1995,0,1,2015
南宁市,1996,0,1,2015
南宁市,1997,0,1,2015
南宁市,1998,0,1,2015
南宁市,1999,0,1,2015
南宁市,2000,0,1,2015
南宁市,2001,0,1,2015
南宁市,2002,0,1,2015
南宁市,2003,0,1,2015
南宁市,2004,0,1,2015
南宁市,2005,0,1,2015
南宁市,2006,0,1,2015
南宁市,2007,0,1,2015
南宁市,2008,0,1,2015
南宁市,2009,0,1,2015
南宁市,2010,0,1,2015
南宁市,2011,0,1,2015
南宁市,2012,0,1,2015
南宁市,2013,0,1,2015
南宁市,2014,0,1,2015
南宁市,2015,1,1,2015
南宁市,2016,1,1,2015
南宁市,2017,1,1,2015
南宁市,2018,1,1,2015
南宁市,2019,1,1,2015
南宁市,2020,1,1,2015
南宁市,2021,1,1,2015
南宁市,2022,1,1,2015
南宁市,2023,1,1,2015
南平市,1990,0,0,0
南平市,1991,0,0,0
南平市,1992,0,0,0
南平市,1993,0,0,0
南平市,1994,0,0,0
南平市,1995,0,0,0
南平市,1996,0,0,0
南平市,1997,0,0,0
南平市,1998,0,0,0
南平市,1999,0,0,0
南平市,2000,0,0,0
南平市,2001,0,0,0
南平市,2002,0,0,0
南平市,2003,0,0,0
南平市,2004,0,0,0
南平市,2005,0,0,0
南平市,2006,0,0,0
南平市,2007,0,0,0
南平市,2008,0,0,0
南平市,2009,0,0,0
南平市,2010,0,0,0
南平市,2011,0,0,0
南平市,2012,0,0,0
南平市,2013,0,0,0
南平市,2014,0,0,0
南平市,2015,0,0,0
南平市,2016,0,0,0
南平市,2017,0,0,0
南平市,2018,0,0,0
南平市,2019,0,0,0
南平市,2020,0,0,0
南平市,2021,0,0,0
南平市,2022,0,0,0
南平市,2023,0,0,0
南昌市,1990,0,0,0
南昌市,1991,0,0,0
南昌市,1992,0,0,0
南昌市,1993,0,0,0
南昌市,1994,0,0,0
南昌市,1995,0,0,0
南昌市,1996,0,0,0
南昌市,1997,0,0,0
南昌市,1998,0,0,0
南昌市,1999,0,0,0
南昌市,2000,0,0,0
南昌市,2001,0,0,0
南昌市,2002,0,0,0
南昌市,2003,0,0,0
南昌市,2004,0,0,0
南昌市,2005,0,0,0
南昌市,2006,0,0,0
南昌市,2007,0,0,0
南昌市,2008,0,0,0
南昌市,2009,0,0,0
南昌市,2010,0,0,0
南昌市,2011,0,0,0
南昌市,2012,0,0,0
南昌市,2013,0,0,0
南昌市,2014,0,0,0
南昌市,2015,0,0,0
南昌市,2016,0,0,0
南昌市,2017,0,0,0
南昌市,2018,0,0,0
南昌市,2019,0,0,0
南昌市,2020,0,0,0
南昌市,2021,0,0,0
南昌市,2022,0,0,0
南昌市,2023,0,0,0
南通市,1990,0,0,0
南通市,1991,0,0,0
南通市,1992,0,0,0
南通市,1993,0,0,0
南通市,1994,0,0,0
南通市,1995,0,0,0
南通市,1996,0,0,0
南通市,1997,0,0,0
南通市,1998,0,0,0
南通市,1999,0,0,0
南通市,2000,0,0,0
南通市,2001,0,0,0
南通市,2002,0,0,0
南通市,2003,0,0,0
南通市,2004,0,0,0
南通市,2005,0,0,0
南通市,2006,0,0,0
南通市,2007,0,0,0
南通市,2008,0,0,0
南通市,2009,0,0,0
南通市,2010,0,0,0
南通市,2011,0,0,0
南通市,2012,0,0,0
南通市,2013,0,0,0
南通市,2014,0,0,0
南通市,2015,0,0,0
南通市,2016,0,0,0
南通市,2017,0,0,0
南通市,2018,0,0,0
南通市,2019,0,0,0
南通市,2020,0,0,0
南通市,2021,0,0,0
南通市,2022,0,0,0
南通市,2023,0,0,0
南阳市,1990,0,0,0
南阳市,1991,0,0,0
南阳市,1992,0,0,0
南阳市,1993,0,0,0
南阳市,1994,0,0,0
南阳市,1995,0,0,0
南阳市,1996,0,0,0
南阳市,1997,0,0,0
南阳市,1998,0,0,0
南阳市,1999,0,0,0
南阳市,2000,0,0,0
南阳市,2001,0,0,0
南阳市,2002,0,0,0
南阳市,2003,0,0,0
南阳市,2004,0,0,0
南阳市,2005,0,0,0
南阳市,2006,0,0,0
南阳市,2007,0,0,0
南阳市,2008,0,0,0
南阳市,2009,0,0,0
南阳市,2010,0,0,0
南阳市,2011,0,0,0
南阳市,2012,0,0,0
南阳市,2013,0,0,0
南阳市,2014,0,0,0
南阳市,2015,0,0,0
南阳市,2016,0,0,0
南阳市,2017,0,0,0
南阳市,2018,0,0,0
南阳市,2019,0,0,0
南阳市,2020,0,0,0
南阳市,2021,0,0,0
南阳市,2022,0,0,0
南阳市,2023,0,0,0
厦门市,1990,0,1,2015
厦门市,1991,0,1,2015
厦门市,1992,0,1,2015
厦门市,1993,0,1,2015
厦门市,1994,0,1,2015
厦门市,1995,0,1,2015
厦门市,1996,0,1,2015
厦门市,1997,0,1,2015
厦门市,1998,0,1,2015
厦门市,1999,0,1,2015
厦门市,2000,0,1,2015
厦门市,2001,0,1,2015
厦门市,2002,0,1,2015
厦门市,2003,0,1,2015
厦门市,2004,0,1,2015
厦门市,2005,0,1,2015
厦门市,2006,0,1,2015
厦门市,2007,0,1,2015
厦门市,2008,0,1,2015
厦门市,2009,0,1,2015
厦门市,2010,0,1,2015
厦门市,2011,0,1,2015
厦门市,2012,0,1,2015
厦门市,2013,0,1,2015
厦门市,2014,0,1,2015
厦门市,2015,1,1,2015
厦门市,2016,1,1,2015
厦门市,2017,1,1,2015
厦门市,2018,1,1,2015
厦门市,2019,1,1,2015
厦门市,2020,1,1,2015
厦门市,2021,1,1,2015
厦门市,2022,1,1,2015
厦门市,2023,1,1,2015
双鸭山市,1990,0,0,0
双鸭山市,1991,0,0,0
双鸭山市,1992,0,0,0
双鸭山市,1993,0,0,0
双鸭山市,1994,0,0,0
双鸭山市,1995,0,0,0
双鸭山市,1996,0,0,0
双鸭山市,1997,0,0,0
双鸭山市,1998,0,0,0
双鸭山市,1999,0,0,0
双鸭山市,2000,0,0,0
双鸭山市,2001,0,0,0
双鸭山市,2002,0,0,0
双鸭山市,2003,0,0,0
双鸭山市,2004,0,0,0
双鸭山市,2005,0,0,0
双鸭山市,2006,0,0,0
双鸭山市,2007,0,0,0
双鸭山市,2008,0,0,0
双鸭山市,2009,0,0,0
双鸭山市,2010,0,0,0
双鸭山市,2011,0,0,0
双鸭山市,2012,0,0,0
双鸭山市,2013,0,0,0
双鸭山市,2014,0,0,0
双鸭山市,2015,0,0,0
双鸭山市,2016,0,0,0
双鸭山市,2017,0,0,0
双鸭山市,2018,0,0,0
双鸭山市,2019,0,0,0
双鸭山市,2020,0,0,0
双鸭山市,2021,0,0,0
双鸭山市,2022,0,0,0
双鸭山市,2023,0,0,0
台州市,1990,0,0,0
台州市,1991,0,0,0
台州市,1992,0,0,0
台州市,1993,0,0,0
台州市,1994,0,0,0
台州市,1995,0,0,0
台州市,1996,0,0,0
台州市,1997,0,0,0
台州市,1998,0,0,0
台州市,1999,0,0,0
台州市,2000,0,0,0
台州市,2001,0,0,0
台州市,2002,0,0,0
台州市,2003,0,0,0
台州市,2004,0,0,0
台州市,2005,0,0,0
台州市,2006,0,0,0
台州市,2007,0,0,0
台州市,2008,0,0,0
台州市,2009,0,0,0
台州市,2010,0,0,0
台州市,2011,0,0,0
台州市,2012,0,0,0
台州市,2013,0,0,0
台州市,2014,0,0,0
台州市,2015,0,0,0
台州市,2016,0,0,0
台州市,2017,0,0,0
台州市,2018,0,0,0
台州市,2019,0,0,0
台州市,2020,0,0,0
台州市,2021,0,0,0
台州市,2022,0,0,0
台州市,2023,0,0,0
合肥市,1990,0,0,0
合肥市,1991,0,0,0
合肥市,1992,0,0,0
合肥市,1993,0,0,0
合肥市,1994,0,0,0
合肥市,1995,0,0,0
合肥市,1996,0,0,0
合肥市,1997,0,0,0
合肥市,1998,0,0,0
合肥市,1999,0,0,0
合肥市,2000,0,0,0
合肥市,2001,0,0,0
合肥市,2002,0,0,0
合肥市,2003,0,0,0
合肥市,2004,0,0,0
合肥市,2005,0,0,0
合肥市,2006,0,0,0
合肥市,2007,0,0,0
合肥市,2008,0,0,0
合肥市,2009,0,0,0
合肥市,2010,0,0,0
合肥市,2011,0,0,0
合肥市,2012,0,0,0
合肥市,2013,0,0,0
合肥市,2014,0,0,0
合肥市,2015,0,0,0
合肥市,2016,0,0,0
合肥市,2017,0,0,0
合肥市,2018,0,0,0
合肥市,2019,0,0,0
合肥市,2020,0,0,0
合肥市,2021,0,0,0
合肥市,2022,0,0,0
合肥市,2023,0,0,0
吉安市,1990,0,0,0
吉安市,1991,0,0,0
吉安市,1992,0,0,0
吉安市,1993,0,0,0
吉安市,1994,0,0,0
吉安市,1995,0,0,0
吉安市,1996,0,0,0
吉安市,1997,0,0,0
吉安市,1998,0,0,0
吉安市,1999,0,0,0
吉安市,2000,0,0,0
吉安市,2001,0,0,0
吉安市,2002,0,0,0
吉安市,2003,0,0,0
吉安市,2004,0,0,0
吉安市,2005,0,0,0
吉安市,2006,0,0,0
吉安市,2007,0,0,0
吉安市,2008,0,0,0
吉安市,2009,0,0,0
吉安市,2010,0,0,0
吉安市,2011,0,0,0
吉安市,2012,0,0,0
吉安市,2013,0,0,0
吉安市,2014,0,0,0
吉安市,2015,0,0,0
吉安市,2016,0,0,0
吉安市,2017,0,0,0
吉安市,2018,0,0,0
吉安市,2019,0,0,0
吉安市,2020,0,0,0
吉安市,2021,0,0,0
吉安市,2022,0,0,0
吉安市,2023,0,0,0
吉林市,1990,0,0,0
吉林市,1991,0,0,0
吉林市,1992,0,0,0
吉林市,1993,0,0,0
吉林市,1994,0,0,0
吉林市,1995,0,0,0
吉林市,1996,0,0,0
吉林市,1997,0,0,0
吉林市,1998,0,0,0
吉林市,1999,0,0,0
吉林市,2000,0,0,0
吉林市,2001,0,0,0
吉林市,2002,0,0,0
吉林市,2003,0,0,0
吉林市,2004,0,0,0
吉林市,2005,0,0,0
吉林市,2006,0,0,0
吉林市,2007,0,0,0
吉林市,2008,0,0,0
吉林市,2009,0,0,0
吉林市,2010,0,0,0
吉林市,2011,0,0,0
吉林市,2012,0,0,0
吉林市,2013,0,0,0
吉林市,2014,0,0,0
吉林市,2015,0,0,0
吉林市,2016,0,0,0
吉林市,2017,0,0,0
吉林市,2018,0,0,0
吉林市,2019,0,0,0
吉林市,2020,0,0,0
吉林市,2021,0,0,0
吉林市,2022,0,0,0
吉林市,2023,0,0,0
吐鲁番市,1990,0,0,0
吐鲁番市,1991,0,0,0
吐鲁番市,1992,0,0,0
吐鲁番市,1993,0,0,0
吐鲁番市,1994,0,0,0
吐鲁番市,1995,0,0,0
吐鲁番市,1996,0,0,0
吐鲁番市,1997,0,0,0
吐鲁番市,1998,0,0,0
吐鲁番市,1999,0,0,0
吐鲁番市,2000,0,0,0
吐鲁番市,2001,0,0,0
吐鲁番市,2002,0,0,0
吐鲁番市,2003,0,0,0
吐鲁番市,2004,0,0,0
吐鲁番市,2005,0,0,0
吐鲁番市,2006,0,0,0
吐鲁番市,2007,0,0,0
吐鲁番市,2008,0,0,0
吐鲁番市,2009,0,0,0
吐鲁番市,2010,0,0,0
吐鲁番市,2011,0,0,0
吐鲁番市,2012,0,0,0
吐鲁番市,2013,0,0,0
吐鲁番市,2014,0,0,0
吐鲁番市,2015,0,0,0
吐鲁番市,2016,0,0,0
吐鲁番市,2017,0,0,0
吐鲁番市,2018,0,0,0
吐鲁番市,2019,0,0,0
吐鲁番市,2020,0,0,0
吐鲁番市,2021,0,0,0
吐鲁番市,2022,0,0,0
吐鲁番市,2023,0,0,0
吕梁市,1990,0,0,0
吕梁市,1991,0,0,0
吕梁市,1992,0,0,0
吕梁市,1993,0,0,0
吕梁市,1994,0,0,0
吕梁市,1995,0,0,0
吕梁市,1996,0,0,0
吕梁市,1997,0,0,0
吕梁市,1998,0,0,0
吕梁市,1999,0,0,0
吕梁市,2000,0,0,0
吕梁市,2001,0,0,0
吕梁市,2002,0,0,0
吕梁市,2003,0,0,0
吕梁市,2004,0,0,0
吕梁市,2005,0,0,0
吕梁市,2006,0,0,0
吕梁市,2007,0,0,0
吕梁市,2008,0,0,0
吕梁市,2009,0,0,0
吕梁市,2010,0,0,0
吕梁市,2011,0,0,0
吕梁市,2012,0,0,0
吕梁市,2013,0,0,0
吕梁市,2014,0,0,0
吕梁市,2015,0,0,0
吕梁市,2016,0,0,0
吕梁市,2017,0,0,0
吕梁市,2018,0,0,0
吕梁市,2019,0,0,0
吕梁市,2020,0,0,0
吕梁市,2021,0,0,0
吕梁市,2022,0,0,0
吕梁市,2023,0,0,0
吴忠市,1990,0,0,0
吴忠市,1991,0,0,0
吴忠市,1992,0,0,0
吴忠市,1993,0,0,0
吴忠市,1994,0,0,0
吴忠市,1995,0,0,0
吴忠市,1996,0,0,0
吴忠市,1997,0,0,0
吴忠市,1998,0,0,0
吴忠市,1999,0,0,0
吴忠市,2000,0,0,0
吴忠市,2001,0,0,0
吴忠市,2002,0,0,0
吴忠市,2003,0,0,0
吴忠市,2004,0,0,0
吴忠市,2005,0,0,0
吴忠市,2006,0,0,0
吴忠市,2007,0,0,0
吴忠市,2008,0,0,0
吴忠市,2009,0,0,0
吴忠市,2010,0,0,0
吴忠市,2011,0,0,0
吴忠市,2012,0,0,0
吴忠市,2013,0,0,0
吴忠市,2014,0,0,0
吴忠市,2015,0,0,0
吴忠市,2016,0,0,0
吴忠市,2017,0,0,0
吴忠市,2018,0,0,0
吴忠市,2019,0,0,0
吴忠市,2020,0,0,0
吴忠市,2021,0,0,0
吴忠市,2022,0,0,0
吴忠市,2023,0,0,0
周口市,1990,0,0,0
周口市,1991,0,0,0
周口市,1992,0,0,0
周口市,1993,0,0,0
周口市,1994,0,0,0
周口市,1995,0,0,0
周口市,1996,0,0,0
周口市,1997,0,0,0
周口市,1998,0,0,0
周口市,1999,0,0,0
周口市,2000,0,0,0
周口市,2001,0,0,0
周口市,2002,0,0,0
周口市,2003,0,0,0
周口市,2004,0,0,0
周口市,2005,0,0,0
周口市,2006,0,0,0
周口市,2007,0,0,0
周口市,2008,0,0,0
周口市,2009,0,0,0
周口市,2010,0,0,0
周口市,2011,0,0,0
周口市,2012,0,0,0
周口市,2013,0,0,0
周口市,2014,0,0,0
周口市,2015,0,0,0
周口市,2016,0,0,0
周口市,2017,0,0,0
周口市,2018,0,0,0
周口市,2019,0,0,0
周口市,2020,0,0,0
周口市,2021,0,0,0
周口市,2022,0,0,0
周口市,2023,0,0,0
呼伦贝尔市,1990,0,0,0
呼伦贝尔市,1991,0,0,0
呼伦贝尔市,1992,0,0,0
呼伦贝尔市,1993,0,0,0
呼伦贝尔市,1994,0,0,0
呼伦贝尔市,1995,0,0,0
呼伦贝尔市,1996,0,0,0
呼伦贝尔市,1997,0,0,0
呼伦贝尔市,1998,0,0,0
呼伦贝尔市,1999,0,0,0
呼伦贝尔市,2000,0,0,0
呼伦贝尔市,2001,0,0,0
呼伦贝尔市,2002,0,0,0
呼伦贝尔市,2003,0,0,0
呼伦贝尔市,2004,0,0,0
呼伦贝尔市,2005,0,0,0
呼伦贝尔市,2006,0,0,0
呼伦贝尔市,2007,0,0,0
呼伦贝尔市,2008,0,0,0
呼伦贝尔市,2009,0,0,0
呼伦贝尔市,2010,0,0,0
呼伦贝尔市,2011,0,0,0
呼伦贝尔市,2012,0,0,0
呼伦贝尔市,2013,0,0,0
呼伦贝尔市,2014,0,0,0
呼伦贝尔市,2015,0,0,0
呼伦贝尔市,2016,0,0,0
呼伦贝尔市,2017,0,0,0
呼伦贝尔市,2018,0,0,0
呼伦贝尔市,2019,0,0,0
呼伦贝尔市,2020,0,0,0
呼伦贝尔市,2021,0,0,0
呼伦贝尔市,2022,0,0,0
呼伦贝尔市,2023,0,0,0
呼和浩特市,1990,0,0,0
呼和浩特市,1991,0,0,0
呼和浩特市,1992,0,0,0
呼和浩特市,1993,0,0,0
呼和浩特市,1994,0,0,0
呼和浩特市,1995,0,0,0
呼和浩特市,1996,0,0,0
呼和浩特市,1997,0,0,0
呼和浩特市,1998,0,0,0
呼和浩特市,1999,0,0,0
呼和浩特市,2000,0,0,0
呼和浩特市,2001,0,0,0
呼和浩特市,2002,0,0,0
呼和浩特市,2003,0,0,0
呼和浩特市,2004,0,0,0
呼和浩特市,2005,0,0,0
呼和浩特市,2006,0,0,0
呼和浩特市,2007,0,0,0
呼和浩特市,2008,0,0,0
呼和浩特市,2009,0,0,0
呼和浩特市,2010,0,0,0
呼和浩特市,2011,0,0,0
呼和浩特市,2012,0,0,0
呼和浩特市,2013,0,0,0
呼和浩特市,2014,0,0,0
呼和浩特市,2015,0,0,0
呼和浩特市,2016,0,0,0
呼和浩特市,2017,0,0,0
呼和浩特市,2018,0,0,0
呼和浩特市,2019,0,0,0
呼和浩特市,2020,0,0,0
呼和浩特市,2021,0,0,0
呼和浩特市,2022,0,0,0
呼和浩特市,2023,0,0,0
咸宁市,1990,0,0,0
咸宁市,1991,0,0,0
咸宁市,1992,0,0,0
咸宁市,1993,0,0,0
咸宁市,1994,0,0,0
咸宁市,1995,0,0,0
咸宁市,1996,0,0,0
咸宁市,1997,0,0,0
咸宁市,1998,0,0,0
咸宁市,1999,0,0,0
咸宁市,2000,0,0,0
咸宁市,2001,0,0,0
咸宁市,2002,0,0,0
咸宁市,2003,0,0,0
咸宁市,2004,0,0,0
咸宁市,2005,0,0,0
咸宁市,2006,0,0,0
咸宁市,2007,0,0,0
咸宁市,2008,0,0,0
咸宁市,2009,0,0,0
咸宁市,2010,0,0,0
咸宁市,2011,0,0,0
咸宁市,2012,0,0,0
咸宁市,2013,0,0,0
咸宁市,2014,0,0,0
咸宁市,2015,0,0,0
咸宁市,2016,0,0,0
咸宁市,2017,0,0,0
咸宁市,2018,0,0,0
咸宁市,2019,0,0,0
咸宁市,2020,0,0,0
咸宁市,2021,0,0,0
咸宁市,2022,0,0,0
咸宁市,2023,0,0,0
咸阳市,1990,0,0,0
咸阳市,1991,0,0,0
咸阳市,1992,0,0,0
咸阳市,1993,0,0,0
咸阳市,1994,0,0,0
咸阳市,1995,0,0,0
咸阳市,1996,0,0,0
咸阳市,1997,0,0,0
咸阳市,1998,0,0,0
咸阳市,1999,0,0,0
咸阳市,2000,0,0,0
咸阳市,2001,0,0,0
咸阳市,2002,0,0,0
咸阳市,2003,0,0,0
咸阳市,2004,0,0,0
咸阳市,2005,0,0,0
咸阳市,2006,0,0,0
咸阳市,2007,0,0,0
咸阳市,2008,0,0,0
咸阳市,2009,0,0,0
咸阳市,2010,0,0,0
咸阳市,2011,0,0,0
咸阳市,2012,0,0,0
咸阳市,2013,0,0,0
咸阳市,2014,0,0,0
咸阳市,2015,0,0,0
咸阳市,2016,0,0,0
咸阳市,2017,0,0,0
咸阳市,2018,0,0,0
咸阳市,2019,0,0,0
咸阳市,2020,0,0,0
咸阳市,2021,0,0,0
咸阳市,2022,0,0,0
咸阳市,2023,0,0,0
哈密市,1990,0,0,0
哈密市,1991,0,0,0
哈密市,1992,0,0,0
哈密市,1993,0,0,0
哈密市,1994,0,0,0
哈密市,1995,0,0,0
哈密市,1996,0,0,0
哈密市,1997,0,0,0
哈密市,1998,0,0,0
哈密市,1999,0,0,0
哈密市,2000,0,0,0
哈密市,2001,0,0,0
哈密市,2002,0,0,0
哈密市,2003,0,0,0
哈密市,2004,0,0,0
哈密市,2005,0,0,0
哈密市,2006,0,0,0
哈密市,2007,0,0,0
哈密市,2008,0,0,0
哈密市,2009,0,0,0
哈密市,2010,0,0,0
哈密市,2011,0,0,0
哈密市,2012,0,0,0
哈密市,2013,0,0,0
哈密市,2014,0,0,0
哈密市,2015,0,0,0
哈密市,2016,0,0,0
哈密市,2017,0,0,0
哈密市,2018,0,0,0
哈密市,2019,0,0,0
哈密市,2020,0,0,0
哈密市,2021,0,0,0
哈密市,2022,0,0,0
哈密市,2023,0,0,0
哈尔滨市,1990,0,0,0
哈尔滨市,1991,0,0,0
哈尔滨市,1992,0,0,0
哈尔滨市,1993,0,0,0
哈尔滨市,1994,0,0,0
哈尔滨市,1995,0,0,0
哈尔滨市,1996,0,0,0
哈尔滨市,1997,0,0,0
哈尔滨市,1998,0,0,0
哈尔滨市,1999,0,0,0
哈尔滨市,2000,0,0,0
哈尔滨市,2001,0,0,0
哈尔滨市,2002,0,0,0
哈尔滨市,2003,0,0,0
哈尔滨市,2004,0,0,0
哈尔滨市,2005,0,0,0
哈尔滨市,2006,0,0,0
哈尔滨市,2007,0,0,0
哈尔滨市,2008,0,0,0
哈尔滨市,2009,0,0,0
哈尔滨市,2010,0,0,0
哈尔滨市,2011,0,0,0
哈尔滨市,2012,0,0,0
哈尔滨市,2013,0,0,0
哈尔滨市,2014,0,0,0
哈尔滨市,2015,0,0,0
哈尔滨市,2016,0,0,0
哈尔滨市,2017,0,0,0
哈尔滨市,2018,0,0,0
哈尔滨市,2019,0,0,0
哈尔滨市,2020,0,0,0
哈尔滨市,2021,0,0,0
哈尔滨市,2022,0,0,0
哈尔滨市,2023,0,0,0
唐山市,1990,0,0,0
唐山市,1991,0,0,0
唐山市,1992,0,0,0
唐山市,1993,0,0,0
唐山市,1994,0,0,0
唐山市,1995,0,0,0
唐山市,1996,0,0,0
唐山市,1997,0,0,0
唐山市,1998,0,0,0
唐山市,1999,0,0,0
唐山市,2000,0,0,0
唐山市,2001,0,0,0
唐山市,2002,0,0,0
唐山市,2003,0,0,0
唐山市,2004,0,0,0
唐山市,2005,0,0,0
唐山市,2006,0,0,0
唐山市,2007,0,0,0
唐山市,2008,0,0,0
唐山市,2009,0,0,0
唐山市,2010,0,0,0
唐山市,2011,0,0,0
唐山市,2012,0,0,0
唐山市,2013,0,0,0
唐山市,2014,0,0,0
唐山市,2015,0,0,0
唐山市,2016,0,0,0
唐山市,2017,0,0,0
唐山市,2018,0,0,0
唐山市,2019,0,0,0
唐山市,2020,0,0,0
唐山市,2021,0,0,0
唐山市,2022,0,0,0
唐山市,2023,0,0,0
商丘市,1990,0,0,0
商丘市,1991,0,0,0
商丘市,1992,0,0,0
商丘市,1993,0,0,0
商丘市,1994,0,0,0
商丘市,1995,0,0,0
商丘市,1996,0,0,0
商丘市,1997,0,0,0
商丘市,1998,0,0,0
商丘市,1999,0,0,0
商丘市,2000,0,0,0
商丘市,2001,0,0,0
商丘市,2002,0,0,0
商丘市,2003,0,0,0
商丘市,2004,0,0,0
商丘市,2005,0,0,0
商丘市,2006,0,0,0
商丘市,2007,0,0,0
商丘市,2008,0,0,0
商丘市,2009,0,0,0
商丘市,2010,0,0,0
商丘市,2011,0,0,0
商丘市,2012,0,0,0
商丘市,2013,0,0,0
商丘市,2014,0,0,0
商丘市,2015,0,0,0
商丘市,2016,0,0,0
商丘市,2017,0,0,0
商丘市,2018,0,0,0
商丘市,2019,0,0,0
商丘市,2020,0,0,0
商丘市,2021,0,0,0
商丘市,2022,0,0,0
商丘市,2023,0,0,0
商洛市,1990,0,0,0
商洛市,1991,0,0,0
商洛市,1992,0,0,0
商洛市,1993,0,0,0
商洛市,1994,0,0,0
商洛市,1995,0,0,0
商洛市,1996,0,0,0
商洛市,1997,0,0,0
商洛市,1998,0,0,0
商洛市,1999,0,0,0
商洛市,2000,0,0,0
商洛市,2001,0,0,0
商洛市,2002,0,0,0
商洛市,2003,0,0,0
商洛市,2004,0,0,0
商洛市,2005,0,0,0
商洛市,2006,0,0,0
商洛市,2007,0,0,0
商洛市,2008,0,0,0
商洛市,2009,0,0,0
商洛市,2010,0,0,0
商洛市,2011,0,0,0
商洛市,2012,0,0,0
商洛市,2013,0,0,0
商洛市,2014,0,0,0
商洛市,2015,0,0,0
商洛市,2016,0,0,0
商洛市,2017,0,0,0
商洛市,2018,0,0,0
商洛市,2019,0,0,0
商洛市,2020,0,0,0
商洛市,2021,0,0,0
商洛市,2022,0,0,0
商洛市,2023,0,0,0
嘉兴市,1990,0,1,2015
嘉兴市,1991,0,1,2015
嘉兴市,1992,0,1,2015
嘉兴市,1993,0,1,2015
嘉兴市,1994,0,1,2015
嘉兴市,1995,0,1,2015
嘉兴市,1996,0,1,2015
嘉兴市,1997,0,1,2015
嘉兴市,1998,0,1,2015
嘉兴市,1999,0,1,2015
嘉兴市,2000,0,1,2015
嘉兴市,2001,0,1,2015
嘉兴市,2002,0,1,2015
嘉兴市,2003,0,1,2015
嘉兴市,2004,0,1,2015
嘉兴市,2005,0,1,2015
嘉兴市,2006,0,1,2015
嘉兴市,2007,0,1,2015
嘉兴市,2008,0,1,2015
嘉兴市,2009,0,1,2015
嘉兴市,2010,0,1,2015
嘉兴市,2011,0,1,2015
嘉兴市,2012,0,1,2015
嘉兴市,2013,0,1,2015
嘉兴市,2014,0,1,2015
嘉兴市,2015,1,1,2015
嘉兴市,2016,1,1,2015
嘉兴市,2017,1,1,2015
嘉兴市,2018,1,1,2015
嘉兴市,2019,1,1,2015
嘉兴市,2020,1,1,2015
嘉兴市,2021,1,1,2015
嘉兴市,2022,1,1,2015
嘉兴市,2023,1,1,2015
嘉峪关市,1990,0,0,0
嘉峪关市,1991,0,0,0
嘉峪关市,1992,0,0,0
嘉峪关市,1993,0,0,0
嘉峪关市,1994,0,0,0
嘉峪关市,1995,0,0,0
嘉峪关市,1996,0,0,0
嘉峪关市,1997,0,0,0
嘉峪关市,1998,0,0,0
嘉峪关市,1999,0,0,0
嘉峪关市,2000,0,0,0
嘉峪关市,2001,0,0,0
嘉峪关市,2002,0,0,0
嘉峪关市,2003,0,0,0
嘉峪关市,2004,0,0,0
嘉峪关市,2005,0,0,0
嘉峪关市,2006,0,0,0
嘉峪关市,2007,0,0,0
嘉峪关市,2008,0,0,0
嘉峪关市,2009,0,0,0
嘉峪关市,2010,0,0,0
嘉峪关市,2011,0,0,0
嘉峪关市,2012,0,0,0
嘉峪关市,2013,0,0,0
嘉峪关市,2014,0,0,0
嘉峪关市,2015,0,0,0
嘉峪关市,2016,0,0,0
嘉峪关市,2017,0,0,0
嘉峪关市,2018,0,0,0
嘉峪关市,2019,0,0,0
嘉峪关市,2020,0,0,0
嘉峪关市,2021,0,0,0
嘉峪关市,2022,0,0,0
嘉峪关市,2023,0,0,0
四平市,1990,0,0,0
四平市,1991,0,0,0
四平市,1992,0,0,0
四平市,1993,0,0,0
四平市,1994,0,0,0
四平市,1995,0,0,0
四平市,1996,0,0,0
四平市,1997,0,0,0
四平市,1998,0,0,0
四平市,1999,0,0,0
四平市,2000,0,0,0
四平市,2001,0,0,0
四平市,2002,0,0,0
四平市,2003,0,0,0
四平市,2004,0,0,0
四平市,2005,0,0,0
四平市,2006,0,0,0
四平市,2007,0,0,0
四平市,2008,0,0,0
四平市,2009,0,0,0
四平市,2010,0,0,0
四平市,2011,0,0,0
四平市,2012,0,0,0
四平市,2013,0,0,0
四平市,2014,0,0,0
四平市,2015,0,0,0
四平市,2016,0,0,0
四平市,2017,0,0,0
四平市,2018,0,0,0
四平市,2019,0,0,0
四平市,2020,0,0,0
四平市,2021,0,0,0
四平市,2022,0,0,0
四平市,2023,0,0,0
固原市,1990,0,2,2016
固原市,1991,0,2,2016
固原市,1992,0,2,2016
固原市,1993,0,2,2016
固原市,1994,0,2,2016
固原市,1995,0,2,2016
固原市,1996,0,2,2016
固原市,1997,0,2,2016
固原市,1998,0,2,2016
固原市,1999,0,2,2016
固原市,2000,0,2,2016
固原市,2001,0,2,2016
固原市,2002,0,2,2016
固原市,2003,0,2,2016
固原市,2004,0,2,2016
固原市,2005,0,2,2016
固原市,2006,0,2,2016
固原市,2007,0,2,2016
固原市,2008,0,2,2016
固原市,2009,0,2,2016
固原市,2010,0,2,2016
固原市,2011,0,2,2016
固原市,2012,0,2,2016
固原市,2013,0,2,2016
固原市,2014,0,2,2016
固原市,2015,0,2,2016
固原市,2016,1,2,2016
固原市,2017,1,2,2016
固原市,2018,1,2,2016
固原市,2019,1,2,2016
固原市,2020,1,2,2016
固原市,2021,1,2,2016
固原市,2022,1,2,2016
固原市,2023,1,2,2016
大同市,1990,0,0,0
大同市,1991,0,0,0
大同市,1992,0,0,0
大同市,1993,0,0,0
大同市,1994,0,0,0
大同市,1995,0,0,0
大同市,1996,0,0,0
大同市,1997,0,0,0
大同市,1998,0,0,0
大同市,1999,0,0,0
大同市,2000,0,0,0
大同市,2001,0,0,0
大同市,2002,0,0,0
大同市,2003,0,0,0
大同市,2004,0,0,0
大同市,2005,0,0,0
大同市,2006,0,0,0
大同市,2007,0,0,0
大同市,2008,0,0,0
大同市,2009,0,0,0
大同市,2010,0,0,0
大同市,2011,0,0,0
大同市,2012,0,0,0
大同市,2013,0,0,0
大同市,2014,0,0,0
大同市,2015,0,0,0
大同市,2016,0,0,0
大同市,2017,0,0,0
大同市,2018,0,0,0
大同市,2019,0,0,0
大同市,2020,0,0,0
大同市,2021,0,0,0
大同市,2022,0,0,0
大同市,2023,0,0,0
大庆市,1990,0,0,0
大庆市,1991,0,0,0
大庆市,1992,0,0,0
大庆市,1993,0,0,0
大庆市,1994,0,0,0
大庆市,1995,0,0,0
大庆市,1996,0,0,0
大庆市,1997,0,0,0
大庆市,1998,0,0,0
大庆市,1999,0,0,0
大庆市,2000,0,0,0
大庆市,2001,0,0,0
大庆市,2002,0,0,0
大庆市,2003,0,0,0
大庆市,2004,0,0,0
大庆市,2005,0,0,0
大庆市,2006,0,0,0
大庆市,2007,0,0,0
大庆市,2008,0,0,0
大庆市,2009,0,0,0
大庆市,2010,0,0,0
大庆市,2011,0,0,0
大庆市,2012,0,0,0
大庆市,2013,0,0,0
大庆市,2014,0,0,0
大庆市,2015,0,0,0
大庆市,2016,0,0,0
大庆市,2017,0,0,0
大庆市,2018,0,0,0
大庆市,2019,0,0,0
大庆市,2020,0,0,0
大庆市,2021,0,0,0
大庆市,2022,0,0,0
大庆市,2023,0,0,0
大连市,1990,0,2,2016
大连市,1991,0,2,2016
大连市,1992,0,2,2016
大连市,1993,0,2,2016
大连市,1994,0,2,2016
大连市,1995,0,2,2016
大连市,1996,0,2,2016
大连市,1997,0,2,2016
大连市,1998,0,2,2016
大连市,1999,0,2,2016
大连市,2000,0,2,2016
大连市,2001,0,2,2016
大连市,2002,0,2,2016
大连市,2003,0,2,2016
大连市,2004,0,2,2016
大连市,2005,0,2,2016
大连市,2006,0,2,2016
大连市,2007,0,2,2016
大连市,2008,0,2,2016
大连市,2009,0,2,2016
大连市,2010,0,2,2016
大连市,2011,0,2,2016
大连市,2012,0,2,2016
大连市,2013,0,2,2016
大连市,2014,0,2,2016
大连市,2015,0,2,2016
大连市,2016,1,2,2016
大连市,2017,1,2,2016
大连市,2018,1,2,2016
大连市,2019,1,2,2016
大连市,2020,1,2,2016
大连市,2021,1,2,2016
大连市,2022,1,2,2016
大连市,2023,1,2,2016
天水市,1990,0,0,0
天水市,1991,0,0,0
天水市,1992,0,0,0
天水市,1993,0,0,0
天水市,1994,0,0,0
天水市,1995,0,0,0
天水市,1996,0,0,0
天水市,1997,0,0,0
天水市,1998,0,0,0
天水市,1999,0,0,0
天水市,2000,0,0,0
天水市,2001,0,0,0
天水市,2002,0,0,0
天水市,2003,0,0,0
天水市,2004,0,0,0
天水市,2005,0,0,0
天水市,2006,0,0,0
天水市,2007,0,0,0
天水市,2008,0,0,0
天水市,2009,0,0,0
天水市,2010,0,0,0
天水市,2011,0,0,0
天水市,2012,0,0,0
天水市,2013,0,0,0
天水市,2014,0,0,0
天水市,2015,0,0,0
天水市,2016,0,0,0
天水市,2017,0,0,0
天水市,2018,0,0,0
天水市,2019,0,0,0
天水市,2020,0,0,0
天水市,2021,0,0,0
天水市,2022,0,0,0
天水市,2023,0,0,0
天津市,1990,0,2,2016
天津市,1991,0,2,2016
天津市,1992,0,2,2016
天津市,1993,0,2,2016
天津市,1994,0,2,2016
天津市,1995,0,2,2016
天津市,1996,0,2,2016
天津市,1997,0,2,2016
天津市,1998,0,2,2016
天津市,1999,0,2,2016
天津市,2000,0,2,2016
天津市,2001,0,2,2016
天津市,2002,0,2,2016
天津市,2003,0,2,2016
天津市,2004,0,2,2016
天津市,2005,0,2,2016
天津市,2006,0,2,2016
天津市,2007,0,2,2016
天津市,2008,0,2,2016
天津市,2009,0,2,2016
天津市,2010,0,2,2016
天津市,2011,0,2,2016
天津市,2012,0,2,2016
天津市,2013,0,2,2016
天津市,2014,0,2,2016
天津市,2015,0,2,2016
天津市,2016,1,2,2016
天津市,2017,1,2,2016
天津市,2018,1,2,2016
天津市,2019,1,2,2016
天津市,2020,1,2,2016
天津市,2021,1,2,2016
天津市,2022,1,2,2016
天津市,2023,1,2,2016
太原市,1990,0,0,0
太原市,1991,0,0,0
太原市,1992,0,0,0
太原市,1993,0,0,0
太原市,1994,0,0,0
太原市,1995,0,0,0
太原市,1996,0,0,0
太原市,1997,0,0,0
太原市,1998,0,0,0
太原市,1999,0,0,0
太原市,2000,0,0,0
太原市,2001,0,0,0
太原市,2002,0,0,0
太原市,2003,0,0,0
太原市,2004,0,0,0
太原市,2005,0,0,0
太原市,2006,0,0,0
太原市,2007,0,0,0
太原市,2008,0,0,0
太原市,2009,0,0,0
太原市,2010,0,0,0
太原市,2011,0,0,0
太原市,2012,0,0,0
太原市,2013,0,0,0
太原市,2014,0,0,0
太原市,2015,0,0,0
太原市,2016,0,0,0
太原市,2017,0,0,0
太原市,2018,0,0,0
太原市,2019,0,0,0
太原市,2020,0,0,0
太原市,2021,0,0,0
太原市,2022,0,0,0
太原市,2023,0,0,0
威海市,1990,0,0,0
威海市,1991,0,0,0
威海市,1992,0,0,0
威海市,1993,0,0,0
威海市,1994,0,0,0
威海市,1995,0,0,0
威海市,1996,0,0,0
威海市,1997,0,0,0
威海市,1998,0,0,0
威海市,1999,0,0,0
威海市,2000,0,0,0
威海市,2001,0,0,0
威海市,2002,0,0,0
威海市,2003,0,0,0
威海市,2004,0,0,0
威海市,2005,0,0,0
威海市,2006,0,0,0
威海市,2007,0,0,0
威海市,2008,0,0,0
威海市,2009,0,0,0
威海市,2010,0,0,0
威海市,2011,0,0,0
威海市,2012,0,0,0
威海市,2013,0,0,0
威海市,2014,0,0,0
威海市,2015,0,0,0
威海市,2016,0,0,0
威海市,2017,0,0,0
威海市,2018,0,0,0
威海市,2019,0,0,0
威海市,2020,0,0,0
威海市,2021,0,0,0
威海市,2022,0,0,0
威海市,2023,0,0,0
娄底市,1990,0,0,0
娄底市,1991,0,0,0
娄底市,1992,0,0,0
娄底市,1993,0,0,0
娄底市,1994,0,0,0
娄底市,1995,0,0,0
娄底市,1996,0,0,0
娄底市,1997,0,0,0
娄底市,1998,0,0,0
娄底市,1999,0,0,0
娄底市,2000,0,0,0
娄底市,2001,0,0,0
娄底市,2002,0,0,0
娄底市,2003,0,0,0
娄底市,2004,0,0,0
娄底市,2005,0,0,0
娄底市,2006,0,0,0
娄底市,2007,0,0,0
娄底市,2008,0,0,0
娄底市,2009,0,0,0
娄底市,2010,0,0,0
娄底市,2011,0,0,0
娄底市,2012,0,0,0
娄底市,2013,0,0,0
娄底市,2014,0,0,0
娄底市,2015,0,0,0
娄底市,2016,0,0,0
娄底市,2017,0,0,0
娄底市,2018,0,0,0
娄底市,2019,0,0,0
娄底市,2020,0,0,0
娄底市,2021,0,0,0
娄底市,2022,0,0,0
娄底市,2023,0,0,0
孝感市,1990,0,0,0
孝感市,1991,0,0,0
孝感市,1992,0,0,0
孝感市,1993,0,0,0
孝感市,1994,0,0,0
孝感市,1995,0,0,0
孝感市,1996,0,0,0
孝感市,1997,0,0,0
孝感市,1998,0,0,0
孝感市,1999,0,0,0
孝感市,2000,0,0,0
孝感市,2001,0,0,0
孝感市,2002,0,0,0
孝感市,2003,0,0,0
孝感市,2004,0,0,0
孝感市,2005,0,0,0
孝感市,2006,0,0,0
孝感市,2007,0,0,0
孝感市,2008,0,0,0
孝感市,2009,0,0,0
孝感市,2010,0,0,0
孝感市,2011,0,0,0
孝感市,2012,0,0,0
孝感市,2013,0,0,0
孝感市,2014,0,0,0
孝感市,2015,0,0,0
孝感市,2016,0,0,0
孝感市,2017,0,0,0
孝感市,2018,0,0,0
孝感市,2019,0,0,0
孝感市,2020,0,0,0
孝感市,2021,0,0,0
孝感市,2022,0,0,0
孝感市,2023,0,0,0
宁德市,1990,0,0,0
宁德市,1991,0,0,0
宁德市,1992,0,0,0
宁德市,1993,0,0,0
宁德市,1994,0,0,0
宁德市,1995,0,0,0
宁德市,1996,0,0,0
宁德市,1997,0,0,0
宁德市,1998,0,0,0
宁德市,1999,0,0,0
宁德市,2000,0,0,0
宁德市,2001,0,0,0
宁德市,2002,0,0,0
宁德市,2003,0,0,0
宁德市,2004,0,0,0
宁德市,2005,0,0,0
宁德市,2006,0,0,0
宁德市,2007,0,0,0
宁德市,2008,0,0,0
宁德市,2009,0,0,0
宁德市,2010,0,0,0
宁德市,2011,0,0,0
宁德市,2012,0,0,0
宁德市,2013,0,0,0
宁德市,2014,0,0,0
宁德市,2015,0,0,0
宁德市,2016,0,0,0
宁德市,2017,0,0,0
宁德市,2018,0,0,0
宁德市,2019,0,0,0
宁德市,2020,0,0,0
宁德市,2021,0,0,0
宁德市,2022,0,0,0
宁德市,2023,0,0,0
宁波市,1990,0,2,2016
宁波市,1991,0,2,2016
宁波市,1992,0,2,2016
宁波市,1993,0,2,2016
宁波市,1994,0,2,2016
宁波市,1995,0,2,2016
宁波市,1996,0,2,2016
宁波市,1997,0,2,2016
宁波市,1998,0,2,2016
宁波市,1999,0,2,2016
宁波市,2000,0,2,2016
宁波市,2001,0,2,2016
宁波市,2002,0,2,2016
宁波市,2003,0,2,2016
宁波市,2004,0,2,2016
宁波市,2005,0,2,2016
宁波市,2006,0,2,2016
宁波市,2007,0,2,2016
宁波市,2008,0,2,2016
宁波市,2009,0,2,2016
宁波市,2010,0,2,2016
宁波市,2011,0,2,2016
宁波市,2012,0,2,2016
宁波市,2013,0,2,2016
宁波市,2014,0,2,2016
宁波市,2015,0,2,2016
宁波市,2016,1,2,2016
宁波市,2017,1,2,2016
宁波市,2018,1,2,2016
宁波市,2019,1,2,2016
宁波市,2020,1,2,2016
宁波市,2021,1,2,2016
宁波市,2022,1,2,2016
宁波市,2023,1,2,2016
安庆市,1990,0,0,0
安庆市,1991,0,0,0
安庆市,1992,0,0,0
安庆市,1993,0,0,0
安庆市,1994,0,0,0
安庆市,1995,0,0,0
安庆市,1996,0,0,0
安庆市,1997,0,0,0
安庆市,1998,0,0,0
安庆市,1999,0,0,0
安庆市,2000,0,0,0
安庆市,2001,0,0,0
安庆市,2002,0,0,0
安庆市,2003,0,0,0
安庆市,2004,0,0,0
安庆市,2005,0,0,0
安庆市,2006,0,0,0
安庆市,2007,0,0,0
安庆市,2008,0,0,0
安庆市,2009,0,0,0
安庆市,2010,0,0,0
安庆市,2011,0,0,0
安庆市,2012,0,0,0
安庆市,2013,0,0,0
安庆市,2014,0,0,0
安庆市,2015,0,0,0
安庆市,2016,0,0,0
安庆市,2017,0,0,0
安庆市,2018,0,0,0
安庆市,2019,0,0,0
安庆市,2020,0,0,0
安庆市,2021,0,0,0
安庆市,2022,0,0,0
安庆市,2023,0,0,0
安康市,1990,0,0,0
安康市,1991,0,0,0
安康市,1992,0,0,0
安康市,1993,0,0,0
安康市,1994,0,0,0
安康市,1995,0,0,0
安康市,1996,0,0,0
安康市,1997,0,0,0
安康市,1998,0,0,0
安康市,1999,0,0,0
安康市,2000,0,0,0
安康市,2001,0,0,0
安康市,2002,0,0,0
安康市,2003,0,0,0
安康市,2004,0,0,0
安康市,2005,0,0,0
安康市,2006,0,0,0
安康市,2007,0,0,0
安康市,2008,0,0,0
安康市,2009,0,0,0
安康市,2010,0,0,0
安康市,2011,0,0,0
安康市,2012,0,0,0
安康市,2013,0,0,0
安康市,2014,0,0,0
安康市,2015,0,0,0
安康市,2016,0,0,0
安康市,2017,0,0,0
安康市,2018,0,0,0
安康市,2019,0,0,0
安康市,2020,0,0,0
安康市,2021,0,0,0
安康市,2022,0,0,0
安康市,2023,0,0,0
安阳市,1990,0,0,0
安阳市,1991,0,0,0
安阳市,1992,0,0,0
安阳市,1993,0,0,0
安阳市,1994,0,0,0
安阳市,1995,0,0,0
安阳市,1996,0,0,0
安阳市,1997,0,0,0
安阳市,1998,0,0,0
安阳市,1999,0,0,0
安阳市,2000,0,0,0
安阳市,2001,0,0,0
安阳市,2002,0,0,0
安阳市,2003,0,0,0
安阳市,2004,0,0,0
安阳市,2005,0,0,0
安阳市,2006,0,0,0
安阳市,2007,0,0,0
安阳市,2008,0,0,0
安阳市,2009,0,0,0
安阳市,2010,0,0,0
安阳市,2011,0,0,0
安阳市,2012,0,0,0
安阳市,2013,0,0,0
安阳市,2014,0,0,0
安阳市,2015,0,0,0
安阳市,2016,0,0,0
安阳市,2017,0,0,0
安阳市,2018,0,0,0
安阳市,2019,0,0,0
安阳市,2020,0,0,0
安阳市,2021,0,0,0
安阳市,2022,0,0,0
安阳市,2023,0,0,0
安顺市,1990,0,0,0
安顺市,1991,0,0,0
安顺市,1992,0,0,0
安顺市,1993,0,0,0
安顺市,1994,0,0,0
安顺市,1995,0,0,0
安顺市,1996,0,0,0
安顺市,1997,0,0,0
安顺市,1998,0,0,0
安顺市,1999,0,0,0
安顺市,2000,0,0,0
安顺市,2001,0,0,0
安顺市,2002,0,0,0
安顺市,2003,0,0,0
安顺市,2004,0,0,0
安顺市,2005,0,0,0
安顺市,2006,0,0,0
安顺市,2007,0,0,0
安顺市,2008,0,0,0
安顺市,2009,0,0,0
安顺市,2010,0,0,0
安顺市,2011,0,0,0
安顺市,2012,0,0,0
安顺市,2013,0,0,0
安顺市,2014,0,0,0
安顺市,2015,0,0,0
安顺市,2016,0,0,0
安顺市,2017,0,0,0
安顺市,2018,0,0,0
安顺市,2019,0,0,0
安顺市,2020,0,0,0
安顺市,2021,0,0,0
安顺市,2022,0,0,0
安顺市,2023,0,0,0
定西市,1990,0,0,0
定西市,1991,0,0,0
定西市,1992,0,0,0
定西市,1993,0,0,0
定西市,1994,0,0,0
定西市,1995,0,0,0
定西市,1996,0,0,0
定西市,1997,0,0,0
定西市,1998,0,0,0
定西市,1999,0,0,0
定西市,2000,0,0,0
定西市,2001,0,0,0
定西市,2002,0,0,0
定西市,2003,0,0,0
定西市,2004,0,0,0
定西市,2005,0,0,0
定西市,2006,0,0,0
定西市,2007,0,0,0
定西市,2008,0,0,0
定西市,2009,0,0,0
定西市,2010,0,0,0
定西市,2011,0,0,0
定西市,2012,0,0,0
定西市,2013,0,0,0
定西市,2014,0,0,0
定西市,2015,0,0,0
定西市,2016,0,0,0
定西市,2017,0,0,0
定西市,2018,0,0,0
定西市,2019,0,0,0
定西市,2020,0,0,0
定西市,2021,0,0,0
定西市,2022,0,0,0
定西市,2023,0,0,0
宜宾市,1990,0,0,0
宜宾市,1991,0,0,0
宜宾市,1992,0,0,0
宜宾市,1993,0,0,0
宜宾市,1994,0,0,0
宜宾市,1995,0,0,0
宜宾市,1996,0,0,0
宜宾市,1997,0,0,0
宜宾市,1998,0,0,0
宜宾市,1999,0,0,0
宜宾市,2000,0,0,0
宜宾市,2001,0,0,0
宜宾市,2002,0,0,0
宜宾市,2003,0,0,0
宜宾市,2004,0,0,0
宜宾市,2005,0,0,0
宜宾市,2006,0,0,0
宜宾市,2007,0,0,0
宜宾市,2008,0,0,0
宜宾市,2009,0,0,0
宜宾市,2010,0,0,0
宜宾市,2011,0,0,0
宜宾市,2012,0,0,0
宜宾市,2013,0,0,0
宜宾市,2014,0,0,0
宜宾市,2015,0,0,0
宜宾市,2016,0,0,0
宜宾市,2017,0,0,0
宜宾市,2018,0,0,0
宜宾市,2019,0,0,0
宜宾市,2020,0,0,0
宜宾市,2021,0,0,0
宜宾市,2022,0,0,0
宜宾市,2023,0,0,0
宜昌市,1990,0,0,0
宜昌市,1991,0,0,0
宜昌市,1992,0,0,0
宜昌市,1993,0,0,0
宜昌市,1994,0,0,0
宜昌市,1995,0,0,0
宜昌市,1996,0,0,0
宜昌市,1997,0,0,0
宜昌市,1998,0,0,0
宜昌市,1999,0,0,0
宜昌市,2000,0,0,0
宜昌市,2001,0,0,0
宜昌市,2002,0,0,0
宜昌市,2003,0,0,0
宜昌市,2004,0,0,0
宜昌市,2005,0,0,0
宜昌市,2006,0,0,0
宜昌市,2007,0,0,0
宜昌市,2008,0,0,0
宜昌市,2009,0,0,0
宜昌市,2010,0,0,0
宜昌市,2011,0,0,0
宜昌市,2012,0,0,0
宜昌市,2013,0,0,0
宜昌市,2014,0,0,0
宜昌市,2015,0,0,0
宜昌市,2016,0,0,0
宜昌市,2017,0,0,0
宜昌市,2018,0,0,0
宜昌市,2019,0,0,0
宜昌市,2020,0,0,0
宜昌市,2021,0,0,0
宜昌市,2022,0,0,0
宜昌市,2023,0,0,0
宜春市,1990,0,0,0
宜春市,1991,0,0,0
宜春市,1992,0,0,0
宜春市,1993,0,0,0
宜春市,1994,0,0,0
宜春市,1995,0,0,0
宜春市,1996,0,0,0
宜春市,1997,0,0,0
宜春市,1998,0,0,0
宜春市,1999,0,0,0
宜春市,2000,0,0,0
宜春市,2001,0,0,0
宜春市,2002,0,0,0
宜春市,2003,0,0,0
宜春市,2004,0,0,0
宜春市,2005,0,0,0
宜春市,2006,0,0,0
宜春市,2007,0,0,0
宜春市,2008,0,0,0
宜春市,2009,0,0,0
宜春市,2010,0,0,0
宜春市,2011,0,0,0
宜春市,2012,0,0,0
宜春市,2013,0,0,0
宜春市,2014,0,0,0
宜春市,2015,0,0,0
宜春市,2016,0,0,0
宜春市,2017,0,0,0
宜春市,2018,0,0,0
宜春市,2019,0,0,0
宜春市,2020,0,0,0
宜春市,2021,0,0,0
宜春市,2022,0,0,0
宜春市,2023,0,0,0
宝鸡市,1990,0,0,0
宝鸡市,1991,0,0,0
宝鸡市,1992,0,0,0
宝鸡市,1993,0,0,0
宝鸡市,1994,0,0,0
宝鸡市,1995,0,0,0
宝鸡市,1996,0,0,0
宝鸡市,1997,0,0,0
宝鸡市,1998,0,0,0
宝鸡市,1999,0,0,0
宝鸡市,2000,0,0,0
宝鸡市,2001,0,0,0
宝鸡市,2002,0,0,0
宝鸡市,2003,0,0,0
宝鸡市,2004,0,0,0
宝鸡市,2005,0,0,0
宝鸡市,2006,0,0,0
宝鸡市,2007,0,0,0
宝鸡市,2008,0,0,0
宝鸡市,2009,0,0,0
宝鸡市,2010,0,0,0
宝鸡市,2011,0,0,0
宝鸡市,2012,0,0,0
宝鸡市,2013,0,0,0
宝鸡市,2014,0,0,0
宝鸡市,2015,0,0,0
宝鸡市,2016,0,0,0
宝鸡市,2017,0,0,0
宝鸡市,2018,0,0,0
宝鸡市,2019,0,0,0
宝鸡市,2020,0,0,0
宝鸡市,2021,0,0,0
宝鸡市,2022,0,0,0
宝鸡市,2023,0,0,0
宣城市,1990,0,0,0
宣城市,1991,0,0,0
宣城市,1992,0,0,0
宣城市,1993,0,0,0
宣城市,1994,0,0,0
宣城市,1995,0,0,0
宣城市,1996,0,0,0
宣城市,1997,0,0,0
宣城市,1998,0,0,0
宣城市,1999,0,0,0
宣城市,2000,0,0,0
宣城市,2001,0,0,0
宣城市,2002,0,0,0
宣城市,2003,0,0,0
宣城市,2004,0,0,0
宣城市,2005,0,0,0
宣城市,2006,0,0,0
宣城市,2007,0,0,0
宣城市,2008,0,0,0
宣城市,2009,0,0,0
宣城市,2010,0,0,0
宣城市,2011,0,0,0
宣城市,2012,0,0,0
宣城市,2013,0,0,0
宣城市,2014,0,0,0
宣城市,2015,0,0,0
宣城市,2016,0,0,0
宣城市,2017,0,0,0
宣城市,2018,0,0,0
宣城市,2019,0,0,0
宣城市,2020,0,0,0
宣城市,2021,0,0,0
宣城市,2022,0,0,0
宣城市,2023,0,0,0
宿州市,1990,0,0,0
宿州市,1991,0,0,0
宿州市,1992,0,0,0
宿州市,1993,0,0,0
宿州市,1994,0,0,0
宿州市,1995,0,0,0
宿州市,1996,0,0,0
宿州市,1997,0,0,0
宿州市,1998,0,0,0
宿州市,1999,0,0,0
宿州市,2000,0,0,0
宿州市,2001,0,0,0
宿州市,2002,0,0,0
宿州市,2003,0,0,0
宿州市,2004,0,0,0
宿州市,2005,0,0,0
宿州市,2006,0,0,0
宿州市,2007,0,0,0
宿州市,2008,0,0,0
宿州市,2009,0,0,0
宿州市,2010,0,0,0
宿州市,2011,0,0,0
宿州市,2012,0,0,0
宿州市,2013,0,0,0
宿州市,2014,0,0,0
宿州市,2015,0,0,0
宿州市,2016,0,0,0
宿州市,2017,0,0,0
宿州市,2018,0,0,0
宿州市,2019,0,0,0
宿州市,2020,0,0,0
宿州市,2021,0,0,0
宿州市,2022,0,0,0
宿州市,2023,0,0,0
宿迁市,1990,0,0,0
宿迁市,1991,0,0,0
宿迁市,1992,0,0,0
宿迁市,1993,0,0,0
宿迁市,1994,0,0,0
宿迁市,1995,0,0,0
宿迁市,1996,0,0,0
宿迁市,1997,0,0,0
宿迁市,1998,0,0,0
宿迁市,1999,0,0,0
宿迁市,2000,0,0,0
宿迁市,2001,0,0,0
宿迁市,2002,0,0,0
宿迁市,2003,0,0,0
宿迁市,2004,0,0,0
宿迁市,2005,0,0,0
宿迁市,2006,0,0,0
宿迁市,2007,0,0,0
宿迁市,2008,0,0,0
宿迁市,2009,0,0,0
宿迁市,2010,0,0,0
宿迁市,2011,0,0,0
宿迁市,2012,0,0,0
宿迁市,2013,0,0,0
宿迁市,2014,0,0,0
宿迁市,2015,0,0,0
宿迁市,2016,0,0,0
宿迁市,2017,0,0,0
宿迁市,2018,0,0,0
宿迁市,2019,0,0,0
宿迁市,2020,0,0,0
宿迁市,2021,0,0,0
宿迁市,2022,0,0,0
宿迁市,2023,0,0,0
山南市,1990,0,0,0
山南市,1991,0,0,0
山南市,1992,0,0,0
山南市,1993,0,0,0
山南市,1994,0,0,0
山南市,1995,0,0,0
山南市,1996,0,0,0
山南市,1997,0,0,0
山南市,1998,0,0,0
山南市,1999,0,0,0
山南市,2000,0,0,0
山南市,2001,0,0,0
山南市,2002,0,0,0
山南市,2003,0,0,0
山南市,2004,0,0,0
山南市,2005,0,0,0
山南市,2006,0,0,0
山南市,2007,0,0,0
山南市,2008,0,0,0
山南市,2009,0,0,0
山南市,2010,0,0,0
山南市,2011,0,0,0
山南市,2012,0,0,0
山南市,2013,0,0,0
山南市,2014,0,0,0
山南市,2015,0,0,0
山南市,2016,0,0,0
山南市,2017,0,0,0
山南市,2018,0,0,0
山南市,2019,0,0,0
山南市,2020,0,0,0
山南市,2021,0,0,0
山南市,2022,0,0,0
山南市,2023,0,0,0
岳阳市,1990,0,0,0
岳阳市,1991,0,0,0
岳阳市,1992,0,0,0
岳阳市,1993,0,0,0
岳阳市,1994,0,0,0
岳阳市,1995,0,0,0
岳阳市,1996,0,0,0
岳阳市,1997,0,0,0
岳阳市,1998,0,0,0
岳阳市,1999,0,0,0
岳阳市,2000,0,0,0
岳阳市,2001,0,0,0
岳阳市,2002,0,0,0
岳阳市,2003,0,0,0
岳阳市,2004,0,0,0
岳阳市,2005,0,0,0
岳阳市,2006,0,0,0
岳阳市,2007,0,0,0
岳阳市,2008,0,0,0
岳阳市,2009,0,0,0
岳阳市,2010,0,0,0
岳阳市,2011,0,0,0
岳阳市,2012,0,0,0
岳阳市,2013,0,0,0
岳阳市,2014,0,0,0
岳阳市,2015,0,0,0
岳阳市,2016,0,0,0
岳阳市,2017,0,0,0
岳阳市,2018,0,0,0
岳阳市,2019,0,0,0
岳阳市,2020,0,0,0
岳阳市,2021,0,0,0
岳阳市,2022,0,0,0
岳阳市,2023,0,0,0
崇左市,1990,0,0,0
崇左市,1991,0,0,0
崇左市,1992,0,0,0
崇左市,1993,0,0,0
崇左市,1994,0,0,0
崇左市,1995,0,0,0
崇左市,1996,0,0,0
崇左市,1997,0,0,0
崇左市,1998,0,0,0
崇左市,1999,0,0,0
崇左市,2000,0,0,0
崇左市,2001,0,0,0
崇左市,2002,0,0,0
崇左市,2003,0,0,0
崇左市,2004,0,0,0
崇左市,2005,0,0,0
崇左市,2006,0,0,0
崇左市,2007,0,0,0
崇左市,2008,0,0,0
崇左市,2009,0,0,0
崇左市,2010,0,0,0
崇左市,2011,0,0,0
崇左市,2012,0,0,0
崇左市,2013,0,0,0
崇左市,2014,0,0,0
崇左市,2015,0,0,0
崇左市,2016,0,0,0
崇左市,2017,0,0,0
崇左市,2018,0,0,0
崇左市,2019,0,0,0
崇左市,2020,0,0,0
崇左市,2021,0,0,0
崇左市,2022,0,0,0
崇左市,2023,0,0,0
巢湖市,1990,0,0,0
巢湖市,1991,0,0,0
巢湖市,1992,0,0,0
巢湖市,1993,0,0,0
巢湖市,1994,0,0,0
巢湖市,1995,0,0,0
巢湖市,1996,0,0,0
巢湖市,1997,0,0,0
巢湖市,1998,0,0,0
巢湖市,1999,0,0,0
巢湖市,2000,0,0,0
巢湖市,2001,0,0,0
巢湖市,2002,0,0,0
巢湖市,2003,0,0,0
巢湖市,2004,0,0,0
巢湖市,2005,0,0,0
巢湖市,2006,0,0,0
巢湖市,2007,0,0,0
巢湖市,2008,0,0,0
巢湖市,2009,0,0,0
巢湖市,2010,0,0,0
巢湖市,2011,0,0,0
巢湖市,2012,0,0,0
巢湖市,2013,0,0,0
巢湖市,2014,0,0,0
巢湖市,2015,0,0,0
巢湖市,2016,0,0,0
巢湖市,2017,0,0,0
巢湖市,2018,0,0,0
巢湖市,2019,0,0,0
巢湖市,2020,0,0,0
巢湖市,2021,0,0,0
巢湖市,2022,0,0,0
巢湖市,2023,0,0,0
巴中市,1990,0,0,0
巴中市,1991,0,0,0
巴中市,1992,0,0,0
巴中市,1993,0,0,0
巴中市,1994,0,0,0
巴中市,1995,0,0,0
巴中市,1996,0,0,0
巴中市,1997,0,0,0
巴中市,1998,0,0,0
巴中市,1999,0,0,0
巴中市,2000,0,0,0
巴中市,2001,0,0,0
巴中市,2002,0,0,0
巴中市,2003,0,0,0
巴中市,2004,0,0,0
巴中市,2005,0,0,0
巴中市,2006,0,0,0
巴中市,2007,0,0,0
巴中市,2008,0,0,0
巴中市,2009,0,0,0
巴中市,2010,0,0,0
巴中市,2011,0,0,0
巴中市,2012,0,0,0
巴中市,2013,0,0,0
巴中市,2014,0,0,0
巴中市,2015,0,0,0
巴中市,2016,0,0,0
巴中市,2017,0,0,0
巴中市,2018,0,0,0
巴中市,2019,0,0,0
巴中市,2020,0,0,0
巴中市,2021,0,0,0
巴中市,2022,0,0,0
巴中市,2023,0,0,0
巴彦淖尔市,1990,0,0,0
巴彦淖尔市,1991,0,0,0
巴彦淖尔市,1992,0,0,0
巴彦淖尔市,1993,0,0,0
巴彦淖尔市,1994,0,0,0
巴彦淖尔市,1995,0,0,0
巴彦淖尔市,1996,0,0,0
巴彦淖尔市,1997,0,0,0
巴彦淖尔市,1998,0,0,0
巴彦淖尔市,1999,0,0,0
巴彦淖尔市,2000,0,0,0
巴彦淖尔市,2001,0,0,0
巴彦淖尔市,2002,0,0,0
巴彦淖尔市,2003,0,0,0
巴彦淖尔市,2004,0,0,0
巴彦淖尔市,2005,0,0,0
巴彦淖尔市,2006,0,0,0
巴彦淖尔市,2007,0,0,0
巴彦淖尔市,2008,0,0,0
巴彦淖尔市,2009,0,0,0
巴彦淖尔市,2010,0,0,0
巴彦淖尔市,2011,0,0,0
巴彦淖尔市,2012,0,0,0
巴彦淖尔市,2013,0,0,0
巴彦淖尔市,2014,0,0,0
巴彦淖尔市,2015,0,0,0
巴彦淖尔市,2016,0,0,0
巴彦淖尔市,2017,0,0,0
巴彦淖尔市,2018,0,0,0
巴彦淖尔市,2019,0,0,0
巴彦淖尔市,2020,0,0,0
巴彦淖尔市,2021,0,0,0
巴彦淖尔市,2022,0,0,0
巴彦淖尔市,2023,0,0,0
常州市,1990,0,0,0
常州市,1991,0,0,0
常州市,1992,0,0,0
常州市,1993,0,0,0
常州市,1994,0,0,0
常州市,1995,0,0,0
常州市,1996,0,0,0
常州市,1997,0,0,0
常州市,1998,0,0,0
常州市,1999,0,0,0
常州市,2000,0,0,0
常州市,2001,0,0,0
常州市,2002,0,0,0
常州市,2003,0,0,0
常州市,2004,0,0,0
常州市,2005,0,0,0
常州市,2006,0,0,0
常州市,2007,0,0,0
常州市,2008,0,0,0
常州市,2009,0,0,0
常州市,2010,0,0,0
常州市,2011,0,0,0
常州市,2012,0,0,0
常州市,2013,0,0,0
常州市,2014,0,0,0
常州市,2015,0,0,0
常州市,2016,0,0,0
常州市,2017,0,0,0
常州市,2018,0,0,0
常州市,2019,0,0,0
常州市,2020,0,0,0
常州市,2021,0,0,0
常州市,2022,0,0,0
常州市,2023,0,0,0
常德市,1990,0,1,2015
常德市,1991,0,1,2015
常德市,1992,0,1,2015
常德市,1993,0,1,2015
常德市,1994,0,1,2015
常德市,1995,0,1,2015
常德市,1996,0,1,2015
常德市,1997,0,1,2015
常德市,1998,0,1,2015
常德市,1999,0,1,2015
常德市,2000,0,1,2015
常德市,2001,0,1,2015
常德市,2002,0,1,2015
常德市,2003,0,1,2015
常德市,2004,0,1,2015
常德市,2005,0,1,2015
常德市,2006,0,1,2015
常德市,2007,0,1,2015
常德市,2008,0,1,2015
常德市,2009,0,1,2015
常德市,2010,0,1,2015
常德市,2011,0,1,2015
常德市,2012,0,1,2015
常德市,2013,0,1,2015
常德市,2014,0,1,2015
常德市,2015,1,1,2015
常德市,2016,1,1,2015
常德市,2017,1,1,2015
常德市,2018,1,1,2015
常德市,2019,1,1,2015
常德市,2020,1,1,2015
常德市,2021,1,1,2015
常德市,2022,1,1,2015
常德市,2023,1,1,2015
平凉市,1990,0,0,0
平凉市,1991,0,0,0
平凉市,1992,0,0,0
平凉市,1993,0,0,0
平凉市,1994,0,0,0
平凉市,1995,0,0,0
平凉市,1996,0,0,0
平凉市,1997,0,0,0
平凉市,1998,0,0,0
平凉市,1999,0,0,0
平凉市,2000,0,0,0
平凉市,2001,0,0,0
平凉市,2002,0,0,0
平凉市,2003,0,0,0
平凉市,2004,0,0,0
平凉市,2005,0,0,0
平凉市,2006,0,0,0
平凉市,2007,0,0,0
平凉市,2008,0,0,0
平凉市,2009,0,0,0
平凉市,2010,0,0,0
平凉市,2011,0,0,0
平凉市,2012,0,0,0
平凉市,2013,0,0,0
平凉市,2014,0,0,0
平凉市,2015,0,0,0
平凉市,2016,0,0,0
平凉市,2017,0,0,0
平凉市,2018,0,0,0
平凉市,2019,0,0,0
平凉市,2020,0,0,0
平凉市,2021,0,0,0
平凉市,2022,0,0,0
平凉市,2023,0,0,0
平顶山市,1990,0,0,0
平顶山市,1991,0,0,0
平顶山市,1992,0,0,0
平顶山市,1993,0,0,0
平顶山市,1994,0,0,0
平顶山市,1995,0,0,0
平顶山市,1996,0,0,0
平顶山市,1997,0,0,0
平顶山市,1998,0,0,0
平顶山市,1999,0,0,0
平顶山市,2000,0,0,0
平顶山市,2001,0,0,0
平顶山市,2002,0,0,0
平顶山市,2003,0,0,0
平顶山市,2004,0,0,0
平顶山市,2005,0,0,0
平顶山市,2006,0,0,0
平顶山市,2007,0,0,0
平顶山市,2008,0,0,0
平顶山市,2009,0,0,0
平顶山市,2010,0,0,0
平顶山市,2011,0,0,0
平顶山市,2012,0,0,0
平顶山市,2013,0,0,0
平顶山市,2014,0,0,0
平顶山市,2015,0,0,0
平顶山市,2016,0,0,0
平顶山市,2017,0,0,0
平顶山市,2018,0,0,0
平顶山市,2019,0,0,0
平顶山市,2020,0,0,0
平顶山市,2021,0,0,0
平顶山市,2022,0,0,0
平顶山市,2023,0,0,0
广元市,1990,0,0,0
广元市,1991,0,0,0
广元市,1992,0,0,0
广元市,1993,0,0,0
广元市,1994,0,0,0
广元市,1995,0,0,0
广元市,1996,0,0,0
广元市,1997,0,0,0
广元市,1998,0,0,0
广元市,1999,0,0,0
广元市,2000,0,0,0
广元市,2001,0,0,0
广元市,2002,0,0,0
广元市,2003,0,0,0
广元市,2004,0,0,0
广元市,2005,0,0,0
广元市,2006,0,0,0
广元市,2007,0,0,0
广元市,2008,0,0,0
广元市,2009,0,0,0
广元市,2010,0,0,0
广元市,2011,0,0,0
广元市,2012,0,0,0
广元市,2013,0,0,0
广元市,2014,0,0,0
广元市,2015,0,0,0
广元市,2016,0,0,0
广元市,2017,0,0,0
广元市,2018,0,0,0
广元市,2019,0,0,0
广元市,2020,0,0,0
广元市,2021,0,0,0
广元市,2022,0,0,0
广元市,2023,0,0,0
广安市,1990,0,0,0
广安市,1991,0,0,0
广安市,1992,0,0,0
广安市,1993,0,0,0
广安市,1994,0,0,0
广安市,1995,0,0,0
广安市,1996,0,0,0
广安市,1997,0,0,0
广安市,1998,0,0,0
广安市,1999,0,0,0
广安市,2000,0,0,0
广安市,2001,0,0,0
广安市,2002,0,0,0
广安市,2003,0,0,0
广安市,2004,0,0,0
广安市,2005,0,0,0
广安市,2006,0,0,0
广安市,2007,0,0,0
广安市,2008,0,0,0
广安市,2009,0,0,0
广安市,2010,0,0,0
广安市,2011,0,0,0
广安市,2012,0,0,0
广安市,2013,0,0,0
广安市,2014,0,0,0
广安市,2015,0,0,0
广安市,2016,0,0,0
广安市,2017,0,0,0
广安市,2018,0,0,0
广安市,2019,0,0,0
广安市,2020,0,0,0
广安市,2021,0,0,0
广安市,2022,0,0,0
广安市,2023,0,0,0
广州市,1990,0,0,0
广州市,1991,0,0,0
广州市,1992,0,0,0
广州市,1993,0,0,0
广州市,1994,0,0,0
广州市,1995,0,0,0
广州市,1996,0,0,0
广州市,1997,0,0,0
广州市,1998,0,0,0
广州市,1999,0,0,0
广州市,2000,0,0,0
广州市,2001,0,0,0
广州市,2002,0,0,0
广州市,2003,0,0,0
广州市,2004,0,0,0
广州市,2005,0,0,0
广州市,2006,0,0,0
广州市,2007,0,0,0
广州市,2008,0,0,0
广州市,2009,0,0,0
广州市,2010,0,0,0
广州市,2011,0,0,0
广州市,2012,0,0,0
广州市,2013,0,0,0
广州市,2014,0,0,0
广州市,2015,0,0,0
广州市,2016,0,0,0
广州市,2017,0,0,0
广州市,2018,0,0,0
广州市,2019,0,0,0
广州市,2020,0,0,0
广州市,2021,0,0,0
广州市,2022,0,0,0
广州市,2023,0,0,0
庆阳市,1990,0,2,2016
庆阳市,1991,0,2,2016
庆阳市,1992,0,2,2016
庆阳市,1993,0,2,2016
庆阳市,1994,0,2,2016
庆阳市,1995,0,2,2016
庆阳市,1996,0,2,2016
庆阳市,1997,0,2,2016
庆阳市,1998,0,2,2016
庆阳市,1999,0,2,2016
庆阳市,2000,0,2,2016
庆阳市,2001,0,2,2016
庆阳市,2002,0,2,2016
庆阳市,2003,0,2,2016
庆阳市,2004,0,2,2016
庆阳市,2005,0,2,2016
庆阳市,2006,0,2,2016
庆阳市,2007,0,2,2016
庆阳市,2008,0,2,2016
庆阳市,2009,0,2,2016
庆阳市,2010,0,2,2016
庆阳市,2011,0,2,2016
庆阳市,2012,0,2,2016
庆阳市,2013,0,2,2016
庆阳市,2014,0,2,2016
庆阳市,2015,0,2,2016
庆阳市,2016,1,2,2016
庆阳市,2017,1,2,2016
庆阳市,2018,1,2,2016
庆阳市,2019,1,2,2016
庆阳市,2020,1,2,2016
庆阳市,2021,1,2,2016
庆阳市,2022,1,2,2016
庆阳市,2023,1,2,2016
廊坊市,1990,0,0,0
廊坊市,1991,0,0,0
廊坊市,1992,0,0,0
廊坊市,1993,0,0,0
廊坊市,1994,0,0,0
廊坊市,1995,0,0,0
廊坊市,1996,0,0,0
廊坊市,1997,0,0,0
廊坊市,1998,0,0,0
廊坊市,1999,0,0,0
廊坊市,2000,0,0,0
廊坊市,2001,0,0,0
廊坊市,2002,0,0,0
廊坊市,2003,0,0,0
廊坊市,2004,0,0,0
廊坊市,2005,0,0,0
廊坊市,2006,0,0,0
廊坊市,2007,0,0,0
廊坊市,2008,0,0,0
廊坊市,2009,0,0,0
廊坊市,2010,0,0,0
廊坊市,2011,0,0,0
廊坊市,2012,0,0,0
廊坊市,2013,0,0,0
廊坊市,2014,0,0,0
廊坊市,2015,0,0,0
廊坊市,2016,0,0,0
廊坊市,2017,0,0,0
廊坊市,2018,0,0,0
廊坊市,2019,0,0,0
廊坊市,2020,0,0,0
廊坊市,2021,0,0,0
廊坊市,2022,0,0,0
廊坊市,2023,0,0,0
延安市,1990,0,0,0
延安市,1991,0,0,0
延安市,1992,0,0,0
延安市,1993,0,0,0
延安市,1994,0,0,0
延安市,1995,0,0,0
延安市,1996,0,0,0
延安市,1997,0,0,0
延安市,1998,0,0,0
延安市,1999,0,0,0
延安市,2000,0,0,0
延安市,2001,0,0,0
延安市,2002,0,0,0
延安市,2003,0,0,0
延安市,2004,0,0,0
延安市,2005,0,0,0
延安市,2006,0,0,0
延安市,2007,0,0,0
延安市,2008,0,0,0
延安市,2009,0,0,0
延安市,2010,0,0,0
延安市,2011,0,0,0
延安市,2012,0,0,0
延安市,2013,0,0,0
延安市,2014,0,0,0
延安市,2015,0,0,0
延安市,2016,0,0,0
延安市,2017,0,0,0
延安市,2018,0,0,0
延安市,2019,0,0,0
延安市,2020,0,0,0
延安市,2021,0,0,0
延安市,2022,0,0,0
延安市,2023,0,0,0
开封市,1990,0,0,0
开封市,1991,0,0,0
开封市,1992,0,0,0
开封市,1993,0,0,0
开封市,1994,0,0,0
开封市,1995,0,0,0
开封市,1996,0,0,0
开封市,1997,0,0,0
开封市,1998,0,0,0
开封市,1999,0,0,0
开封市,2000,0,0,0
开封市,2001,0,0,0
开封市,2002,0,0,0
开封市,2003,0,0,0
开封市,2004,0,0,0
开封市,2005,0,0,0
开封市,2006,0,0,0
开封市,2007,0,0,0
开封市,2008,0,0,0
开封市,2009,0,0,0
开封市,2010,0,0,0
开封市,2011,0,0,0
开封市,2012,0,0,0
开封市,2013,0,0,0
开封市,2014,0,0,0
开封市,2015,0,0,0
开封市,2016,0,0,0
开封市,2017,0,0,0
开封市,2018,0,0,0
开封市,2019,0,0,0
开封市,2020,0,0,0
开封市,2021,0,0,0
开封市,2022,0,0,0
开封市,2023,0,0,0
张家口市,1990,0,0,0
张家口市,1991,0,0,0
张家口市,1992,0,0,0
张家口市,1993,0,0,0
张家口市,1994,0,0,0
张家口市,1995,0,0,0
张家口市,1996,0,0,0
张家口市,1997,0,0,0
张家口市,1998,0,0,0
张家口市,1999,0,0,0
张家口市,2000,0,0,0
张家口市,2001,0,0,0
张家口市,2002,0,0,0
张家口市,2003,0,0,0
张家口市,2004,0,0,0
张家口市,2005,0,0,0
张家口市,2006,0,0,0
张家口市,2007,0,0,0
张家口市,2008,0,0,0
张家口市,2009,0,0,0
张家口市,2010,0,0,0
张家口市,2011,0,0,0
张家口市,2012,0,0,0
张家口市,2013,0,0,0
张家口市,2014,0,0,0
张家口市,2015,0,0,0
张家口市,2016,0,0,0
张家口市,2017,0,0,0
张家口市,2018,0,0,0
张家口市,2019,0,0,0
张家口市,2020,0,0,0
张家口市,2021,0,0,0
张家口市,2022,0,0,0
张家口市,2023,0,0,0
张家界市,1990,0,0,0
张家界市,1991,0,0,0
张家界市,1992,0,0,0
张家界市,1993,0,0,0
张家界市,1994,0,0,0
张家界市,1995,0,0,0
张家界市,1996,0,0,0
张家界市,1997,0,0,0
张家界市,1998,0,0,0
张家界市,1999,0,0,0
张家界市,2000,0,0,0
张家界市,2001,0,0,0
张家界市,2002,0,0,0
张家界市,2003,0,0,0
张家界市,2004,0,0,0
张家界市,2005,0,0,0
张家界市,2006,0,0,0
张家界市,2007,0,0,0
张家界市,2008,0,0,0
张家界市,2009,0,0,0
张家界市,2010,0,0,0
张家界市,2011,0,0,0
张家界市,2012,0,0,0
张家界市,2013,0,0,0
张家界市,2014,0,0,0
张家界市,2015,0,0,0
张家界市,2016,0,0,0
张家界市,2017,0,0,0
张家界市,2018,0,0,0
张家界市,2019,0,0,0
张家界市,2020,0,0,0
张家界市,2021,0,0,0
张家界市,2022,0,0,0
张家界市,2023,0,0,0
张掖市,1990,0,0,0
张掖市,1991,0,0,0
张掖市,1992,0,0,0
张掖市,1993,0,0,0
张掖市,1994,0,0,0
张掖市,1995,0,0,0
张掖市,1996,0,0,0
张掖市,1997,0,0,0
张掖市,1998,0,0,0
张掖市,1999,0,0,0
张掖市,2000,0,0,0
张掖市,2001,0,0,0
张掖市,2002,0,0,0
张掖市,2003,0,0,0
张掖市,2004,0,0,0
张掖市,2005,0,0,0
张掖市,2006,0,0,0
张掖市,2007,0,0,0
张掖市,2008,0,0,0
张掖市,2009,0,0,0
张掖市,2010,0,0,0
张掖市,2011,0,0,0
张掖市,2012,0,0,0
张掖市,2013,0,0,0
张掖市,2014,0,0,0
张掖市,2015,0,0,0
张掖市,2016,0,0,0
张掖市,2017,0,0,0
张掖市,2018,0,0,0
张掖市,2019,0,0,0
张掖市,2020,0,0,0
张掖市,2021,0,0,0
张掖市,2022,0,0,0
张掖市,2023,0,0,0
徐州市,1990,0,0,0
徐州市,1991,0,0,0
徐州市,1992,0,0,0
徐州市,1993,0,0,0
徐州市,1994,0,0,0
徐州市,1995,0,0,0
徐州市,1996,0,0,0
徐州市,1997,0,0,0
徐州市,1998,0,0,0
徐州市,1999,0,0,0
徐州市,2000,0,0,0
徐州市,2001,0,0,0
徐州市,2002,0,0,0
徐州市,2003,0,0,0
徐州市,2004,0,0,0
徐州市,2005,0,0,0
徐州市,2006,0,0,0
徐州市,2007,0,0,0
徐州市,2008,0,0,0
徐州市,2009,0,0,0
徐州市,2010,0,0,0
徐州市,2011,0,0,0
徐州市,2012,0,0,0
徐州市,2013,0,0,0
徐州市,2014,0,0,0
徐州市,2015,0,0,0
徐州市,2016,0,0,0
徐州市,2017,0,0,0
徐州市,2018,0,0,0
徐州市,2019,0,0,0
徐州市,2020,0,0,0
徐州市,2021,0,0,0
徐州市,2022,0,0,0
徐州市,2023,0,0,0
德州市,1990,0,0,0
德州市,1991,0,0,0
德州市,1992,0,0,0
德州市,1993,0,0,0
德州市,1994,0,0,0
德州市,1995,0,0,0
德州市,1996,0,0,0
德州市,1997,0,0,0
德州市,1998,0,0,0
德州市,1999,0,0,0
德州市,2000,0,0,0
德州市,2001,0,0,0
德州市,2002,0,0,0
德州市,2003,0,0,0
德州市,2004,0,0,0
德州市,2005,0,0,0
德州市,2006,0,0,0
德州市,2007,0,0,0
德州市,2008,0,0,0
德州市,2009,0,0,0
德州市,2010,0,0,0
德州市,2011,0,0,0
德州市,2012,0,0,0
德州市,2013,0,0,0
德州市,2014,0,0,0
德州市,2015,0,0,0
德州市,2016,0,0,0
德州市,2017,0,0,0
德州市,2018,0,0,0
德州市,2019,0,0,0
德州市,2020,0,0,0
德州市,2021,0,0,0
德州市,2022,0,0,0
德州市,2023,0,0,0
德阳市,1990,0,0,0
德阳市,1991,0,0,0
德阳市,1992,0,0,0
德阳市,1993,0,0,0
德阳市,1994,0,0,0
德阳市,1995,0,0,0
德阳市,1996,0,0,0
德阳市,1997,0,0,0
德阳市,1998,0,0,0
德阳市,1999,0,0,0
德阳市,2000,0,0,0
德阳市,2001,0,0,0
德阳市,2002,0,0,0
德阳市,2003,0,0,0
德阳市,2004,0,0,0
德阳市,2005,0,0,0
德阳市,2006,0,0,0
德阳市,2007,0,0,0
德阳市,2008,0,0,0
德阳市,2009,0,0,0
德阳市,2010,0,0,0
德阳市,2011,0,0,0
德阳市,2012,0,0,0
德阳市,2013,0,0,0
德阳市,2014,0,0,0
德阳市,2015,0,0,0
德阳市,2016,0,0,0
德阳市,2017,0,0,0
德阳市,2018,0,0,0
德阳市,2019,0,0,0
德阳市,2020,0,0,0
德阳市,2021,0,0,0
德阳市,2022,0,0,0
德阳市,2023,0,0,0
忻州市,1990,0,0,0
忻州市,1991,0,0,0
忻州市,1992,0,0,0
忻州市,1993,0,0,0
忻州市,1994,0,0,0
忻州市,1995,0,0,0
忻州市,1996,0,0,0
忻州市,1997,0,0,0
忻州市,1998,0,0,0
忻州市,1999,0,0,0
忻州市,2000,0,0,0
忻州市,2001,0,0,0
忻州市,2002,0,0,0
忻州市,2003,0,0,0
忻州市,2004,0,0,0
忻州市,2005,0,0,0
忻州市,2006,0,0,0
忻州市,2007,0,0,0
忻州市,2008,0,0,0
忻州市,2009,0,0,0
忻州市,2010,0,0,0
忻州市,2011,0,0,0
忻州市,2012,0,0,0
忻州市,2013,0,0,0
忻州市,2014,0,0,0
忻州市,2015,0,0,0
忻州市,2016,0,0,0
忻州市,2017,0,0,0
忻州市,2018,0,0,0
忻州市,2019,0,0,0
忻州市,2020,0,0,0
忻州市,2021,0,0,0
忻州市,2022,0,0,0
忻州市,2023,0,0,0
怀化市,1990,0,0,0
怀化市,1991,0,0,0
怀化市,1992,0,0,0
怀化市,1993,0,0,0
怀化市,1994,0,0,0
怀化市,1995,0,0,0
怀化市,1996,0,0,0
怀化市,1997,0,0,0
怀化市,1998,0,0,0
怀化市,1999,0,0,0
怀化市,2000,0,0,0
怀化市,2001,0,0,0
怀化市,2002,0,0,0
怀化市,2003,0,0,0
怀化市,2004,0,0,0
怀化市,2005,0,0,0
怀化市,2006,0,0,0
怀化市,2007,0,0,0
怀化市,2008,0,0,0
怀化市,2009,0,0,0
怀化市,2010,0,0,0
怀化市,2011,0,0,0
怀化市,2012,0,0,0
怀化市,2013,0,0,0
怀化市,2014,0,0,0
怀化市,2015,0,0,0
怀化市,2016,0,0,0
怀化市,2017,0,0,0
怀化市,2018,0,0,0
怀化市,2019,0,0,0
怀化市,2020,0,0,0
怀化市,2021,0,0,0
怀化市,2022,0,0,0
怀化市,2023,0,0,0
惠州市,1990,0,0,0
惠州市,1991,0,0,0
惠州市,1992,0,0,0
惠州市,1993,0,0,0
惠州市,1994,0,0,0
惠州市,1995,0,0,0
惠州市,1996,0,0,0
惠州市,1997,0,0,0
惠州市,1998,0,0,0
惠州市,1999,0,0,0
惠州市,2000,0,0,0
惠州市,2001,0,0,0
惠州市,2002,0,0,0
惠州市,2003,0,0,0
惠州市,2004,0,0,0
惠州市,2005,0,0,0
惠州市,2006,0,0,0
惠州市,2007,0,0,0
惠州市,2008,0,0,0
惠州市,2009,0,0,0
惠州市,2010,0,0,0
惠州市,2011,0,0,0
惠州市,2012,0,0,0
惠州市,2013,0,0,0
惠州市,2014,0,0,0
惠州市,2015,0,0,0
惠州市,2016,0,0,0
惠州市,2017,0,0,0
惠州市,2018,0,0,0
惠州市,2019,0,0,0
惠州市,2020,0,0,0
惠州市,2021,0,0,0
惠州市,2022,0,0,0
惠州市,2023,0,0,0
成都市,1990,0,0,0
成都市,1991,0,0,0
成都市,1992,0,0,0
成都市,1993,0,0,0
成都市,1994,0,0,0
成都市,1995,0,0,0
成都市,1996,0,0,0
成都市,1997,0,0,0
成都市,1998,0,0,0
成都市,1999,0,0,0
成都市,2000,0,0,0
成都市,2001,0,0,0
成都市,2002,0,0,0
成都市,2003,0,0,0
成都市,2004,0,0,0
成都市,2005,0,0,0
成都市,2006,0,0,0
成都市,2007,0,0,0
成都市,2008,0,0,0
成都市,2009,0,0,0
成都市,2010,0,0,0
成都市,2011,0,0,0
成都市,2012,0,0,0
成都市,2013,0,0,0
成都市,2014,0,0,0
成都市,2015,0,0,0
成都市,2016,0,0,0
成都市,2017,0,0,0
成都市,2018,0,0,0
成都市,2019,0,0,0
成都市,2020,0,0,0
成都市,2021,0,0,0
成都市,2022,0,0,0
成都市,2023,0,0,0
扬州市,1990,0,0,0
扬州市,1991,0,0,0
扬州市,1992,0,0,0
扬州市,1993,0,0,0
扬州市,1994,0,0,0
扬州市,1995,0,0,0
扬州市,1996,0,0,0
扬州市,1997,0,0,0
扬州市,1998,0,0,0
扬州市,1999,0,0,0
扬州市,2000,0,0,0
扬州市,2001,0,0,0
扬州市,2002,0,0,0
扬州市,2003,0,0,0
扬州市,2004,0,0,0
扬州市,2005,0,0,0
扬州市,2006,0,0,0
扬州市,2007,0,0,0
扬州市,2008,0,0,0
扬州市,2009,0,0,0
扬州市,2010,0,0,0
扬州市,2011,0,0,0
扬州市,2012,0,0,0
扬州市,2013,0,0,0
扬州市,2014,0,0,0
扬州市,2015,0,0,0
扬州市,2016,0,0,0
扬州市,2017,0,0,0
扬州市,2018,0,0,0
扬州市,2019,0,0,0
扬州市,2020,0,0,0
扬州市,2021,0,0,0
扬州市,2022,0,0,0
扬州市,2023,0,0,0
承德市,1990,0,0,0
承德市,1991,0,0,0
承德市,1992,0,0,0
承德市,1993,0,0,0
承德市,1994,0,0,0
承德市,1995,0,0,0
承德市,1996,0,0,0
承德市,1997,0,0,0
承德市,1998,0,0,0
承德市,1999,0,0,0
承德市,2000,0,0,0
承德市,2001,0,0,0
承德市,2002,0,0,0
承德市,2003,0,0,0
承德市,2004,0,0,0
承德市,2005,0,0,0
承德市,2006,0,0,0
承德市,2007,0,0,0
承德市,2008,0,0,0
承德市,2009,0,0,0
承德市,2010,0,0,0
承德市,2011,0,0,0
承德市,2012,0,0,0
承德市,2013,0,0,0
承德市,2014,0,0,0
承德市,2015,0,0,0
承德市,2016,0,0,0
承德市,2017,0,0,0
承德市,2018,0,0,0
承德市,2019,0,0,0
承德市,2020,0,0,0
承德市,2021,0,0,0
承德市,2022,0,0,0
承德市,2023,0,0,0
抚州市,1990,0,0,0
抚州市,1991,0,0,0
抚州市,1992,0,0,0
抚州市,1993,0,0,0
抚州市,1994,0,0,0
抚州市,1995,0,0,0
抚州市,1996,0,0,0
抚州市,1997,0,0,0
抚州市,1998,0,0,0
抚州市,1999,0,0,0
抚州市,2000,0,0,0
抚州市,2001,0,0,0
抚州市,2002,0,0,0
抚州市,2003,0,0,0
抚州市,2004,0,0,0
抚州市,2005,0,0,0
抚州市,2006,0,0,0
抚州市,2007,0,0,0
抚州市,2008,0,0,0
抚州市,2009,0,0,0
抚州市,2010,0,0,0
抚州市,2011,0,0,0
抚州市,2012,0,0,0
抚州市,2013,0,0,0
抚州市,2014,0,0,0
抚州市,2015,0,0,0
抚州市,2016,0,0,0
抚州市,2017,0,0,0
抚州市,2018,0,0,0
抚州市,2019,0,0,0
抚州市,2020,0,0,0
抚州市,2021,0,0,0
抚州市,2022,0,0,0
抚州市,2023,0,0,0
抚顺市,1990,0,0,0
抚顺市,1991,0,0,0
抚顺市,1992,0,0,0
抚顺市,1993,0,0,0
抚顺市,1994,0,0,0
抚顺市,1995,0,0,0
抚顺市,1996,0,0,0
抚顺市,1997,0,0,0
抚顺市,1998,0,0,0
抚顺市,1999,0,0,0
抚顺市,2000,0,0,0
抚顺市,2001,0,0,0
抚顺市,2002,0,0,0
抚顺市,2003,0,0,0
抚顺市,2004,0,0,0
抚顺市,2005,0,0,0
抚顺市,2006,0,0,0
抚顺市,2007,0,0,0
抚顺市,2008,0,0,0
抚顺市,2009,0,0,0
抚顺市,2010,0,0,0
抚顺市,2011,0,0,0
抚顺市,2012,0,0,0
抚顺市,2013,0,0,0
抚顺市,2014,0,0,0
抚顺市,2015,0,0,0
抚顺市,2016,0,0,0
抚顺市,2017,0,0,0
抚顺市,2018,0,0,0
抚顺市,2019,0,0,0
抚顺市,2020,0,0,0
抚顺市,2021,0,0,0
抚顺市,2022,0,0,0
抚顺市,2023,0,0,0
拉萨市,1990,0,0,0
拉萨市,1991,0,0,0
拉萨市,1992,0,0,0
拉萨市,1993,0,0,0
拉萨市,1994,0,0,0
拉萨市,1995,0,0,0
拉萨市,1996,0,0,0
拉萨市,1997,0,0,0
拉萨市,1998,0,0,0
拉萨市,1999,0,0,0
拉萨市,2000,0,0,0
拉萨市,2001,0,0,0
拉萨市,2002,0,0,0
拉萨市,2003,0,0,0
拉萨市,2004,0,0,0
拉萨市,2005,0,0,0
拉萨市,2006,0,0,0
拉萨市,2007,0,0,0
拉萨市,2008,0,0,0
拉萨市,2009,0,0,0
拉萨市,2010,0,0,0
拉萨市,2011,0,0,0
拉萨市,2012,0,0,0
拉萨市,2013,0,0,0
拉萨市,2014,0,0,0
拉萨市,2015,0,0,0
拉萨市,2016,0,0,0
拉萨市,2017,0,0,0
拉萨市,2018,0,0,0
拉萨市,2019,0,0,0
拉萨市,2020,0,0,0
拉萨市,2021,0,0,0
拉萨市,2022,0,0,0
拉萨市,2023,0,0,0
揭阳市,1990,0,0,0
揭阳市,1991,0,0,0
揭阳市,1992,0,0,0
揭阳市,1993,0,0,0
揭阳市,1994,0,0,0
揭阳市,1995,0,0,0
揭阳市,1996,0,0,0
揭阳市,1997,0,0,0
揭阳市,1998,0,0,0
揭阳市,1999,0,0,0
揭阳市,2000,0,0,0
揭阳市,2001,0,0,0
揭阳市,2002,0,0,0
揭阳市,2003,0,0,0
揭阳市,2004,0,0,0
揭阳市,2005,0,0,0
揭阳市,2006,0,0,0
揭阳市,2007,0,0,0
揭阳市,2008,0,0,0
揭阳市,2009,0,0,0
揭阳市,2010,0,0,0
揭阳市,2011,0,0,0
揭阳市,2012,0,0,0
揭阳市,2013,0,0,0
揭阳市,2014,0,0,0
揭阳市,2015,0,0,0
揭阳市,2016,0,0,0
揭阳市,2017,0,0,0
揭阳市,2018,0,0,0
揭阳市,2019,0,0,0
揭阳市,2020,0,0,0
揭阳市,2021,0,0,0
揭阳市,2022,0,0,0
揭阳市,2023,0,0,0
攀枝花市,1990,0,0,0
攀枝花市,1991,0,0,0
攀枝花市,1992,0,0,0
攀枝花市,1993,0,0,0
攀枝花市,1994,0,0,0
攀枝花市,1995,0,0,0
攀枝花市,1996,0,0,0
攀枝花市,1997,0,0,0
攀枝花市,1998,0,0,0
攀枝花市,1999,0,0,0
攀枝花市,2000,0,0,0
攀枝花市,2001,0,0,0
攀枝花市,2002,0,0,0
攀枝花市,2003,0,0,0
攀枝花市,2004,0,0,0
攀枝花市,2005,0,0,0
攀枝花市,2006,0,0,0
攀枝花市,2007,0,0,0
攀枝花市,2008,0,0,0
攀枝花市,2009,0,0,0
攀枝花市,2010,0,0,0
攀枝花市,2011,0,0,0
攀枝花市,2012,0,0,0
攀枝花市,2013,0,0,0
攀枝花市,2014,0,0,0
攀枝花市,2015,0,0,0
攀枝花市,2016,0,0,0
攀枝花市,2017,0,0,0
攀枝花市,2018,0,0,0
攀枝花市,2019,0,0,0
攀枝花市,2020,0,0,0
攀枝花市,2021,0,0,0
攀枝花市,2022,0,0,0
攀枝花市,2023,0,0,0
新乡市,1990,0,0,0
新乡市,1991,0,0,0
新乡市,1992,0,0,0
新乡市,1993,0,0,0
新乡市,1994,0,0,0
新乡市,1995,0,0,0
新乡市,1996,0,0,0
新乡市,1997,0,0,0
新乡市,1998,0,0,0
新乡市,1999,0,0,0
新乡市,2000,0,0,0
新乡市,2001,0,0,0
新乡市,2002,0,0,0
新乡市,2003,0,0,0
新乡市,2004,0,0,0
新乡市,2005,0,0,0
新乡市,2006,0,0,0
新乡市,2007,0,0,0
新乡市,2008,0,0,0
新乡市,2009,0,0,0
新乡市,2010,0,0,0
新乡市,2011,0,0,0
新乡市,2012,0,0,0
新乡市,2013,0,0,0
新乡市,2014,0,0,0
新乡市,2015,0,0,0
新乡市,2016,0,0,0
新乡市,2017,0,0,0
新乡市,2018,0,0,0
新乡市,2019,0,0,0
新乡市,2020,0,0,0
新乡市,2021,0,0,0
新乡市,2022,0,0,0
新乡市,2023,0,0,0
新余市,1990,0,0,0
新余市,1991,0,0,0
新余市,1992,0,0,0
新余市,1993,0,0,0
新余市,1994,0,0,0
新余市,1995,0,0,0
新余市,1996,0,0,0
新余市,1997,0,0,0
新余市,1998,0,0,0
新余市,1999,0,0,0
新余市,2000,0,0,0
新余市,2001,0,0,0
新余市,2002,0,0,0
新余市,2003,0,0,0
新余市,2004,0,0,0
新余市,2005,0,0,0
新余市,2006,0,0,0
新余市,2007,0,0,0
新余市,2008,0,0,0
新余市,2009,0,0,0
新余市,2010,0,0,0
新余市,2011,0,0,0
新余市,2012,0,0,0
新余市,2013,0,0,0
新余市,2014,0,0,0
新余市,2015,0,0,0
新余市,2016,0,0,0
新余市,2017,0,0,0
新余市,2018,0,0,0
新余市,2019,0,0,0
新余市,2020,0,0,0
新余市,2021,0,0,0
新余市,2022,0,0,0
新余市,2023,0,0,0
无锡市,1990,0,0,0
无锡市,1991,0,0,0
无锡市,1992,0,0,0
无锡市,1993,0,0,0
无锡市,1994,0,0,0
无锡市,1995,0,0,0
无锡市,1996,0,0,0
无锡市,1997,0,0,0
无锡市,1998,0,0,0
无锡市,1999,0,0,0
无锡市,2000,0,0,0
无锡市,2001,0,0,0
无锡市,2002,0,0,0
无锡市,2003,0,0,0
无锡市,2004,0,0,0
无锡市,2005,0,0,0
无锡市,2006,0,0,0
无锡市,2007,0,0,0
无锡市,2008,0,0,0
无锡市,2009,0,0,0
无锡市,2010,0,0,0
无锡市,2011,0,0,0
无锡市,2012,0,0,0
无锡市,2013,0,0,0
无锡市,2014,0,0,0
无锡市,2015,0,0,0
无锡市,2016,0,0,0
无锡市,2017,0,0,0
无锡市,2018,0,0,0
无锡市,2019,0,0,0
无锡市,2020,0,0,0
无锡市,2021,0,0,0
无锡市,2022,0,0,0
无锡市,2023,0,0,0
日喀则市,1990,0,0,0
日喀则市,1991,0,0,0
日喀则市,1992,0,0,0
日喀则市,1993,0,0,0
日喀则市,1994,0,0,0
日喀则市,1995,0,0,0
日喀则市,1996,0,0,0
日喀则市,1997,0,0,0
日喀则市,1998,0,0,0
日喀则市,1999,0,0,0
日喀则市,2000,0,0,0
日喀则市,2001,0,0,0
日喀则市,2002,0,0,0
日喀则市,2003,0,0,0
日喀则市,2004,0,0,0
日喀则市,2005,0,0,0
日喀则市,2006,0,0,0
日喀则市,2007,0,0,0
日喀则市,2008,0,0,0
日喀则市,2009,0,0,0
日喀则市,2010,0,0,0
日喀则市,2011,0,0,0
日喀则市,2012,0,0,0
日喀则市,2013,0,0,0
日喀则市,2014,0,0,0
日喀则市,2015,0,0,0
日喀则市,2016,0,0,0
日喀则市,2017,0,0,0
日喀则市,2018,0,0,0
日喀则市,2019,0,0,0
日喀则市,2020,0,0,0
日喀则市,2021,0,0,0
日喀则市,2022,0,0,0
日喀则市,2023,0,0,0
日照市,1990,0,0,0
日照市,1991,0,0,0
日照市,1992,0,0,0
日照市,1993,0,0,0
日照市,1994,0,0,0
日照市,1995,0,0,0
日照市,1996,0,0,0
日照市,1997,0,0,0
日照市,1998,0,0,0
日照市,1999,0,0,0
日照市,2000,0,0,0
日照市,2001,0,0,0
日照市,2002,0,0,0
日照市,2003,0,0,0
日照市,2004,0,0,0
日照市,2005,0,0,0
日照市,2006,0,0,0
日照市,2007,0,0,0
日照市,2008,0,0,0
日照市,2009,0,0,0
日照市,2010,0,0,0
日照市,2011,0,0,0
日照市,2012,0,0,0
日照市,2013,0,0,0
日照市,2014,0,0,0
日照市,2015,0,0,0
日照市,2016,0,0,0
日照市,2017,0,0,0
日照市,2018,0,0,0
日照市,2019,0,0,0
日照市,2020,0,0,0
日照市,2021,0,0,0
日照市,2022,0,0,0
日照市,2023,0,0,0
昆明市,1990,0,0,0
昆明市,1991,0,0,0
昆明市,1992,0,0,0
昆明市,1993,0,0,0
昆明市,1994,0,0,0
昆明市,1995,0,0,0
昆明市,1996,0,0,0
昆明市,1997,0,0,0
昆明市,1998,0,0,0
昆明市,1999,0,0,0
昆明市,2000,0,0,0
昆明市,2001,0,0,0
昆明市,2002,0,0,0
昆明市,2003,0,0,0
昆明市,2004,0,0,0
昆明市,2005,0,0,0
昆明市,2006,0,0,0
昆明市,2007,0,0,0
昆明市,2008,0,0,0
昆明市,2009,0,0,0
昆明市,2010,0,0,0
昆明市,2011,0,0,0
昆明市,2012,0,0,0
昆明市,2013,0,0,0
昆明市,2014,0,0,0
昆明市,2015,0,0,0
昆明市,2016,0,0,0
昆明市,2017,0,0,0
昆明市,2018,0,0,0
昆明市,2019,0,0,0
昆明市,2020,0,0,0
昆明市,2021,0,0,0
昆明市,2022,0,0,0
昆明市,2023,0,0,0
昌都市,1990,0,0,0
昌都市,1991,0,0,0
昌都市,1992,0,0,0
昌都市,1993,0,0,0
昌都市,1994,0,0,0
昌都市,1995,0,0,0
昌都市,1996,0,0,0
昌都市,1997,0,0,0
昌都市,1998,0,0,0
昌都市,1999,0,0,0
昌都市,2000,0,0,0
昌都市,2001,0,0,0
昌都市,2002,0,0,0
昌都市,2003,0,0,0
昌都市,2004,0,0,0
昌都市,2005,0,0,0
昌都市,2006,0,0,0
昌都市,2007,0,0,0
昌都市,2008,0,0,0
昌都市,2009,0,0,0
昌都市,2010,0,0,0
昌都市,2011,0,0,0
昌都市,2012,0,0,0
昌都市,2013,0,0,0
昌都市,2014,0,0,0
昌都市,2015,0,0,0
昌都市,2016,0,0,0
昌都市,2017,0,0,0
昌都市,2018,0,0,0
昌都市,2019,0,0,0
昌都市,2020,0,0,0
昌都市,2021,0,0,0
昌都市,2022,0,0,0
昌都市,2023,0,0,0
昭通市,1990,0,0,0
昭通市,1991,0,0,0
昭通市,1992,0,0,0
昭通市,1993,0,0,0
昭通市,1994,0,0,0
昭通市,1995,0,0,0
昭通市,1996,0,0,0
昭通市,1997,0,0,0
昭通市,1998,0,0,0
昭通市,1999,0,0,0
昭通市,2000,0,0,0
昭通市,2001,0,0,0
昭通市,2002,0,0,0
昭通市,2003,0,0,0
昭通市,2004,0,0,0
昭通市,2005,0,0,0
昭通市,2006,0,0,0
昭通市,2007,0,0,0
昭通市,2008,0,0,0
昭通市,2009,0,0,0
昭通市,2010,0,0,0
昭通市,2011,0,0,0
昭通市,2012,0,0,0
昭通市,2013,0,0,0
昭通市,2014,0,0,0
昭通市,2015,0,0,0
昭通市,2016,0,0,0
昭通市,2017,0,0,0
昭通市,2018,0,0,0
昭通市,2019,0,0,0
昭通市,2020,0,0,0
昭通市,2021,0,0,0
昭通市,2022,0,0,0
昭通市,2023,0,0,0
晋中市,1990,0,0,0
晋中市,1991,0,0,0
晋中市,1992,0,0,0
晋中市,1993,0,0,0
晋中市,1994,0,0,0
晋中市,1995,0,0,0
晋中市,1996,0,0,0
晋中市,1997,0,0,0
晋中市,1998,0,0,0
晋中市,1999,0,0,0
晋中市,2000,0,0,0
晋中市,2001,0,0,0
晋中市,2002,0,0,0
晋中市,2003,0,0,0
晋中市,2004,0,0,0
晋中市,2005,0,0,0
晋中市,2006,0,0,0
晋中市,2007,0,0,0
晋中市,2008,0,0,0
晋中市,2009,0,0,0
晋中市,2010,0,0,0
晋中市,2011,0,0,0
晋中市,2012,0,0,0
晋中市,2013,0,0,0
晋中市,2014,0,0,0
晋中市,2015,0,0,0
晋中市,2016,0,0,0
晋中市,2017,0,0,0
晋中市,2018,0,0,0
晋中市,2019,0,0,0
晋中市,2020,0,0,0
晋中市,2021,0,0,0
晋中市,2022,0,0,0
晋中市,2023,0,0,0
晋城市,1990,0,0,0
晋城市,1991,0,0,0
晋城市,1992,0,0,0
晋城市,1993,0,0,0
晋城市,1994,0,0,0
晋城市,1995,0,0,0
晋城市,1996,0,0,0
晋城市,1997,0,0,0
晋城市,1998,0,0,0
晋城市,1999,0,0,0
晋城市,2000,0,0,0
晋城市,2001,0,0,0
晋城市,2002,0,0,0
晋城市,2003,0,0,0
晋城市,2004,0,0,0
晋城市,2005,0,0,0
晋城市,2006,0,0,0
晋城市,2007,0,0,0
晋城市,2008,0,0,0
晋城市,2009,0,0,0
晋城市,2010,0,0,0
晋城市,2011,0,0,0
晋城市,2012,0,0,0
晋城市,2013,0,0,0
晋城市,2014,0,0,0
晋城市,2015,0,0,0
晋城市,2016,0,0,0
晋城市,2017,0,0,0
晋城市,2018,0,0,0
晋城市,2019,0,0,0
晋城市,2020,0,0,0
晋城市,2021,0,0,0
晋城市,2022,0,0,0
晋城市,2023,0,0,0
普洱市,1990,0,0,0
普洱市,1991,0,0,0
普洱市,1992,0,0,0
普洱市,1993,0,0,0
普洱市,1994,0,0,0
普洱市,1995,0,0,0
普洱市,1996,0,0,0
普洱市,1997,0,0,0
普洱市,1998,0,0,0
普洱市,1999,0,0,0
普洱市,2000,0,0,0
普洱市,2001,0,0,0
普洱市,2002,0,0,0
普洱市,2003,0,0,0
普洱市,2004,0,0,0
普洱市,2005,0,0,0
普洱市,2006,0,0,0
普洱市,2007,0,0,0
普洱市,2008,0,0,0
普洱市,2009,0,0,0
普洱市,2010,0,0,0
普洱市,2011,0,0,0
普洱市,2012,0,0,0
普洱市,2013,0,0,0
普洱市,2014,0,0,0
普洱市,2015,0,0,0
普洱市,2016,0,0,0
普洱市,2017,0,0,0
普洱市,2018,0,0,0
普洱市,2019,0,0,0
普洱市,2020,0,0,0
普洱市,2021,0,0,0
普洱市,2022,0,0,0
普洱市,2023,0,0,0
景德镇市,1990,0,0,0
景德镇市,1991,0,0,0
景德镇市,1992,0,0,0
景德镇市,1993,0,0,0
景德镇市,1994,0,0,0
景德镇市,1995,0,0,0
景德镇市,1996,0,0,0
景德镇市,1997,0,0,0
景德镇市,1998,0,0,0
景德镇市,1999,0,0,0
景德镇市,2000,0,0,0
景德镇市,2001,0,0,0
景德镇市,2002,0,0,0
景德镇市,2003,0,0,0
景德镇市,2004,0,0,0
景德镇市,2005,0,0,0
景德镇市,2006,0,0,0
景德镇市,2007,0,0,0
景德镇市,2008,0,0,0
景德镇市,2009,0,0,0
景德镇市,2010,0,0,0
景德镇市,2011,0,0,0
景德镇市,2012,0,0,0
景德镇市,2013,0,0,0
景德镇市,2014,0,0,0
景德镇市,2015,0,0,0
景德镇市,2016,0,0,0
景德镇市,2017,0,0,0
景德镇市,2018,0,0,0
景德镇市,2019,0,0,0
景德镇市,2020,0,0,0
景德镇市,2021,0,0,0
景德镇市,2022,0,0,0
景德镇市,2023,0,0,0
曲靖市,1990,0,0,0
曲靖市,1991,0,0,0
曲靖市,1992,0,0,0
曲靖市,1993,0,0,0
曲靖市,1994,0,0,0
曲靖市,1995,0,0,0
曲靖市,1996,0,0,0
曲靖市,1997,0,0,0
曲靖市,1998,0,0,0
曲靖市,1999,0,0,0
曲靖市,2000,0,0,0
曲靖市,2001,0,0,0
曲靖市,2002,0,0,0
曲靖市,2003,0,0,0
曲靖市,2004,0,0,0
曲靖市,2005,0,0,0
曲靖市,2006,0,0,0
曲靖市,2007,0,0,0
曲靖市,2008,0,0,0
曲靖市,2009,0,0,0
曲靖市,2010,0,0,0
曲靖市,2011,0,0,0
曲靖市,2012,0,0,0
曲靖市,2013,0,0,0
曲靖市,2014,0,0,0
曲靖市,2015,0,0,0
曲靖市,2016,0,0,0
曲靖市,2017,0,0,0
曲靖市,2018,0,0,0
曲靖市,2019,0,0,0
曲靖市,2020,0,0,0
曲靖市,2021,0,0,0
曲靖市,2022,0,0,0
曲靖市,2023,0,0,0
朔州市,1990,0,0,0
朔州市,1991,0,0,0
朔州市,1992,0,0,0
朔州市,1993,0,0,0
朔州市,1994,0,0,0
朔州市,1995,0,0,0
朔州市,1996,0,0,0
朔州市,1997,0,0,0
朔州市,1998,0,0,0
朔州市,1999,0,0,0
朔州市,2000,0,0,0
朔州市,2001,0,0,0
朔州市,2002,0,0,0
朔州市,2003,0,0,0
朔州市,2004,0,0,0
朔州市,2005,0,0,0
朔州市,2006,0,0,0
朔州市,2007,0,0,0
朔州市,2008,0,0,0
朔州市,2009,0,0,0
朔州市,2010,0,0,0
朔州市,2011,0,0,0
朔州市,2012,0,0,0
朔州市,2013,0,0,0
朔州市,2014,0,0,0
朔州市,2015,0,0,0
朔州市,2016,0,0,0
朔州市,2017,0,0,0
朔州市,2018,0,0,0
朔州市,2019,0,0,0
朔州市,2020,0,0,0
朔州市,2021,0,0,0
朔州市,2022,0,0,0
朔州市,2023,0,0,0
朝阳市,1990,0,0,0
朝阳市,1991,0,0,0
朝阳市,1992,0,0,0
朝阳市,1993,0,0,0
朝阳市,1994,0,0,0
朝阳市,1995,0,0,0
朝阳市,1996,0,0,0
朝阳市,1997,0,0,0
朝阳市,1998,0,0,0
朝阳市,1999,0,0,0
朝阳市,2000,0,0,0
朝阳市,2001,0,0,0
朝阳市,2002,0,0,0
朝阳市,2003,0,0,0
朝阳市,2004,0,0,0
朝阳市,2005,0,0,0
朝阳市,2006,0,0,0
朝阳市,2007,0,0,0
朝阳市,2008,0,0,0
朝阳市,2009,0,0,0
朝阳市,2010,0,0,0
朝阳市,2011,0,0,0
朝阳市,2012,0,0,0
朝阳市,2013,0,0,0
朝阳市,2014,0,0,0
朝阳市,2015,0,0,0
朝阳市,2016,0,0,0
朝阳市,2017,0,0,0
朝阳市,2018,0,0,0
朝阳市,2019,0,0,0
朝阳市,2020,0,0,0
朝阳市,2021,0,0,0
朝阳市,2022,0,0,0
朝阳市,2023,0,0,0
本溪市,1990,0,0,0
本溪市,1991,0,0,0
本溪市,1992,0,0,0
本溪市,1993,0,0,0
本溪市,1994,0,0,0
本溪市,1995,0,0,0
本溪市,1996,0,0,0
本溪市,1997,0,0,0
本溪市,1998,0,0,0
本溪市,1999,0,0,0
本溪市,2000,0,0,0
本溪市,2001,0,0,0
本溪市,2002,0,0,0
本溪市,2003,0,0,0
本溪市,2004,0,0,0
本溪市,2005,0,0,0
本溪市,2006,0,0,0
本溪市,2007,0,0,0
本溪市,2008,0,0,0
本溪市,2009,0,0,0
本溪市,2010,0,0,0
本溪市,2011,0,0,0
本溪市,2012,0,0,0
本溪市,2013,0,0,0
本溪市,2014,0,0,0
本溪市,2015,0,0,0
本溪市,2016,0,0,0
本溪市,2017,0,0,0
本溪市,2018,0,0,0
本溪市,2019,0,0,0
本溪市,2020,0,0,0
本溪市,2021,0,0,0
本溪市,2022,0,0,0
本溪市,2023,0,0,0
来宾市,1990,0,0,0
来宾市,1991,0,0,0
来宾市,1992,0,0,0
来宾市,1993,0,0,0
来宾市,1994,0,0,0
来宾市,1995,0,0,0
来宾市,1996,0,0,0
来宾市,1997,0,0,0
来宾市,1998,0,0,0
来宾市,1999,0,0,0
来宾市,2000,0,0,0
来宾市,2001,0,0,0
来宾市,2002,0,0,0
来宾市,2003,0,0,0
来宾市,2004,0,0,0
来宾市,2005,0,0,0
来宾市,2006,0,0,0
来宾市,2007,0,0,0
来宾市,2008,0,0,0
来宾市,2009,0,0,0
来宾市,2010,0,0,0
来宾市,2011,0,0,0
来宾市,2012,0,0,0
来宾市,2013,0,0,0
来宾市,2014,0,0,0
来宾市,2015,0,0,0
来宾市,2016,0,0,0
来宾市,2017,0,0,0
来宾市,2018,0,0,0
来宾市,2019,0,0,0
来宾市,2020,0,0,0
来宾市,2021,0,0,0
来宾市,2022,0,0,0
来宾市,2023,0,0,0
杭州市,1990,0,0,0
杭州市,1991,0,0,0
杭州市,1992,0,0,0
杭州市,1993,0,0,0
杭州市,1994,0,0,0
杭州市,1995,0,0,0
杭州市,1996,0,0,0
杭州市,1997,0,0,0
杭州市,1998,0,0,0
杭州市,1999,0,0,0
杭州市,2000,0,0,0
杭州市,2001,0,0,0
杭州市,2002,0,0,0
杭州市,2003,0,0,0
杭州市,2004,0,0,0
杭州市,2005,0,0,0
杭州市,2006,0,0,0
杭州市,2007,0,0,0
杭州市,2008,0,0,0
杭州市,2009,0,0,0
杭州市,2010,0,0,0
杭州市,2011,0,0,0
杭州市,2012,0,0,0
杭州市,2013,0,0,0
杭州市,2014,0,0,0
杭州市,2015,0,0,0
杭州市,2016,0,0,0
杭州市,2017,0,0,0
杭州市,2018,0,0,0
杭州市,2019,0,0,0
杭州市,2020,0,0,0
杭州市,2021,0,0,0
杭州市,2022,0,0,0
杭州市,2023,0,0,0
松原市,1990,0,0,0
松原市,1991,0,0,0
松原市,1992,0,0,0
松原市,1993,0,0,0
松原市,1994,0,0,0
松原市,1995,0,0,0
松原市,1996,0,0,0
松原市,1997,0,0,0
松原市,1998,0,0,0
松原市,1999,0,0,0
松原市,2000,0,0,0
松原市,2001,0,0,0
松原市,2002,0,0,0
松原市,2003,0,0,0
松原市,2004,0,0,0
松原市,2005,0,0,0
松原市,2006,0,0,0
松原市,2007,0,0,0
松原市,2008,0,0,0
松原市,2009,0,0,0
松原市,2010,0,0,0
松原市,2011,0,0,0
松原市,2012,0,0,0
松原市,2013,0,0,0
松原市,2014,0,0,0
松原市,2015,0,0,0
松原市,2016,0,0,0
松原市,2017,0,0,0
松原市,2018,0,0,0
松原市,2019,0,0,0
松原市,2020,0,0,0
松原市,2021,0,0,0
松原市,2022,0,0,0
松原市,2023,0,0,0
林芝市,1990,0,0,0
林芝市,1991,0,0,0
林芝市,1992,0,0,0
林芝市,1993,0,0,0
林芝市,1994,0,0,0
林芝市,1995,0,0,0
林芝市,1996,0,0,0
林芝市,1997,0,0,0
林芝市,1998,0,0,0
林芝市,1999,0,0,0
林芝市,2000,0,0,0
林芝市,2001,0,0,0
林芝市,2002,0,0,0
林芝市,2003,0,0,0
林芝市,2004,0,0,0
林芝市,2005,0,0,0
林芝市,2006,0,0,0
林芝市,2007,0,0,0
林芝市,2008,0,0,0
林芝市,2009,0,0,0
林芝市,2010,0,0,0
林芝市,2011,0,0,0
林芝市,2012,0,0,0
林芝市,2013,0,0,0
林芝市,2014,0,0,0
林芝市,2015,0,0,0
林芝市,2016,0,0,0
林芝市,2017,0,0,0
林芝市,2018,0,0,0
林芝市,2019,0,0,0
林芝市,2020,0,0,0
林芝市,2021,0,0,0
林芝市,2022,0,0,0
林芝市,2023,0,0,0
枣庄市,1990,0,0,0
枣庄市,1991,0,0,0
枣庄市,1992,0,0,0
枣庄市,1993,0,0,0
枣庄市,1994,0,0,0
枣庄市,1995,0,0,0
枣庄市,1996,0,0,0
枣庄市,1997,0,0,0
枣庄市,1998,0,0,0
枣庄市,1999,0,0,0
枣庄市,2000,0,0,0
枣庄市,2001,0,0,0
枣庄市,2002,0,0,0
枣庄市,2003,0,0,0
枣庄市,2004,0,0,0
枣庄市,2005,0,0,0
枣庄市,2006,0,0,0
枣庄市,2007,0,0,0
枣庄市,2008,0,0,0
枣庄市,2009,0,0,0
枣庄市,2010,0,0,0
枣庄市,2011,0,0,0
枣庄市,2012,0,0,0
枣庄市,2013,0,0,0
枣庄市,2014,0,0,0
枣庄市,2015,0,0,0
枣庄市,2016,0,0,0
枣庄市,2017,0,0,0
枣庄市,2018,0,0,0
枣庄市,2019,0,0,0
枣庄市,2020,0,0,0
枣庄市,2021,0,0,0
枣庄市,2022,0,0,0
枣庄市,2023,0,0,0
柳州市,1990,0,0,0
柳州市,1991,0,0,0
柳州市,1992,0,0,0
柳州市,1993,0,0,0
柳州市,1994,0,0,0
柳州市,1995,0,0,0
柳州市,1996,0,0,0
柳州市,1997,0,0,0
柳州市,1998,0,0,0
柳州市,1999,0,0,0
柳州市,2000,0,0,0
柳州市,2001,0,0,0
柳州市,2002,0,0,0
柳州市,2003,0,0,0
柳州市,2004,0,0,0
柳州市,2005,0,0,0
柳州市,2006,0,0,0
柳州市,2007,0,0,0
柳州市,2008,0,0,0
柳州市,2009,0,0,0
柳州市,2010,0,0,0
柳州市,2011,0,0,0
柳州市,2012,0,0,0
柳州市,2013,0,0,0
柳州市,2014,0,0,0
柳州市,2015,0,0,0
柳州市,2016,0,0,0
柳州市,2017,0,0,0
柳州市,2018,0,0,0
柳州市,2019,0,0,0
柳州市,2020,0,0,0
柳州市,2021,0,0,0
柳州市,2022,0,0,0
柳州市,2023,0,0,0
株洲市,1990,0,0,0
株洲市,1991,0,0,0
株洲市,1992,0,0,0
株洲市,1993,0,0,0
株洲市,1994,0,0,0
株洲市,1995,0,0,0
株洲市,1996,0,0,0
株洲市,1997,0,0,0
株洲市,1998,0,0,0
株洲市,1999,0,0,0
株洲市,2000,0,0,0
株洲市,2001,0,0,0
株洲市,2002,0,0,0
株洲市,2003,0,0,0
株洲市,2004,0,0,0
株洲市,2005,0,0,0
株洲市,2006,0,0,0
株洲市,2007,0,0,0
株洲市,2008,0,0,0
株洲市,2009,0,0,0
株洲市,2010,0,0,0
株洲市,2011,0,0,0
株洲市,2012,0,0,0
株洲市,2013,0,0,0
株洲市,2014,0,0,0
株洲市,2015,0,0,0
株洲市,2016,0,0,0
株洲市,2017,0,0,0
株洲市,2018,0,0,0
株洲市,2019,0,0,0
株洲市,2020,0,0,0
株洲市,2021,0,0,0
株洲市,2022,0,0,0
株洲市,2023,0,0,0
桂林市,1990,0,0,0
桂林市,1991,0,0,0
桂林市,1992,0,0,0
桂林市,1993,0,0,0
桂林市,1994,0,0,0
桂林市,1995,0,0,0
桂林市,1996,0,0,0
桂林市,1997,0,0,0
桂林市,1998,0,0,0
桂林市,1999,0,0,0
桂林市,2000,0,0,0
桂林市,2001,0,0,0
桂林市,2002,0,0,0
桂林市,2003,0,0,0
桂林市,2004,0,0,0
桂林市,2005,0,0,0
桂林市,2006,0,0,0
桂林市,2007,0,0,0
桂林市,2008,0,0,0
桂林市,2009,0,0,0
桂林市,2010,0,0,0
桂林市,2011,0,0,0
桂林市,2012,0,0,0
桂林市,2013,0,0,0
桂林市,2014,0,0,0
桂林市,2015,0,0,0
桂林市,2016,0,0,0
桂林市,2017,0,0,0
桂林市,2018,0,0,0
桂林市,2019,0,0,0
桂林市,2020,0,0,0
桂林市,2021,0,0,0
桂林市,2022,0,0,0
桂林市,2023,0,0,0
梅州市,1990,0,0,0
梅州市,1991,0,0,0
梅州市,1992,0,0,0
梅州市,1993,0,0,0
梅州市,1994,0,0,0
梅州市,1995,0,0,0
梅州市,1996,0,0,0
梅州市,1997,0,0,0
梅州市,1998,0,0,0
梅州市,1999,0,0,0
梅州市,2000,0,0,0
梅州市,2001,0,0,0
梅州市,2002,0,0,0
梅州市,2003,0,0,0
梅州市,2004,0,0,0
梅州市,2005,0,0,0
梅州市,2006,0,0,0
梅州市,2007,0,0,0
梅州市,2008,0,0,0
梅州市,2009,0,0,0
梅州市,2010,0,0,0
梅州市,2011,0,0,0
梅州市,2012,0,0,0
梅州市,2013,0,0,0
梅州市,2014,0,0,0
梅州市,2015,0,0,0
梅州市,2016,0,0,0
梅州市,2017,0,0,0
梅州市,2018,0,0,0
梅州市,2019,0,0,0
梅州市,2020,0,0,0
梅州市,2021,0,0,0
梅州市,2022,0,0,0
梅州市,2023,0,0,0
梧州市,1990,0,0,0
梧州市,1991,0,0,0
梧州市,1992,0,0,0
梧州市,1993,0,0,0
梧州市,1994,0,0,0
梧州市,1995,0,0,0
梧州市,1996,0,0,0
梧州市,1997,0,0,0
梧州市,1998,0,0,0
梧州市,1999,0,0,0
梧州市,2000,0,0,0
梧州市,2001,0,0,0
梧州市,2002,0,0,0
梧州市,2003,0,0,0
梧州市,2004,0,0,0
梧州市,2005,0,0,0
梧州市,2006,0,0,0
梧州市,2007,0,0,0
梧州市,2008,0,0,0
梧州市,2009,0,0,0
梧州市,2010,0,0,0
梧州市,2011,0,0,0
梧州市,2012,0,0,0
梧州市,2013,0,0,0
梧州市,2014,0,0,0
梧州市,2015,0,0,0
梧州市,2016,0,0,0
梧州市,2017,0,0,0
梧州市,2018,0,0,0
梧州市,2019,0,0,0
梧州市,2020,0,0,0
梧州市,2021,0,0,0
梧州市,2022,0,0,0
梧州市,2023,0,0,0
榆林市,1990,0,0,0
榆林市,1991,0,0,0
榆林市,1992,0,0,0
榆林市,1993,0,0,0
榆林市,1994,0,0,0
榆林市,1995,0,0,0
榆林市,1996,0,0,0
榆林市,1997,0,0,0
榆林市,1998,0,0,0
榆林市,1999,0,0,0
榆林市,2000,0,0,0
榆林市,2001,0,0,0
榆林市,2002,0,0,0
榆林市,2003,0,0,0
榆林市,2004,0,0,0
榆林市,2005,0,0,0
榆林市,2006,0,0,0
榆林市,2007,0,0,0
榆林市,2008,0,0,0
榆林市,2009,0,0,0
榆林市,2010,0,0,0
榆林市,2011,0,0,0
榆林市,2012,0,0,0
榆林市,2013,0,0,0
榆林市,2014,0,0,0
榆林市,2015,0,0,0
榆林市,2016,0,0,0
榆林市,2017,0,0,0
榆林市,2018,0,0,0
榆林市,2019,0,0,0
榆林市,2020,0,0,0
榆林市,2021,0,0,0
榆林市,2022,0,0,0
榆林市,2023,0,0,0
武威市,1990,0,0,0
武威市,1991,0,0,0
武威市,1992,0,0,0
武威市,1993,0,0,0
武威市,1994,0,0,0
武威市,1995,0,0,0
武威市,1996,0,0,0
武威市,1997,0,0,0
武威市,1998,0,0,0
武威市,1999,0,0,0
武威市,2000,0,0,0
武威市,2001,0,0,0
武威市,2002,0,0,0
武威市,2003,0,0,0
武威市,2004,0,0,0
武威市,2005,0,0,0
武威市,2006,0,0,0
武威市,2007,0,0,0
武威市,2008,0,0,0
武威市,2009,0,0,0
武威市,2010,0,0,0
武威市,2011,0,0,0
武威市,2012,0,0,0
武威市,2013,0,0,0
武威市,2014,0,0,0
武威市,2015,0,0,0
武威市,2016,0,0,0
武威市,2017,0,0,0
武威市,2018,0,0,0
武威市,2019,0,0,0
武威市,2020,0,0,0
武威市,2021,0,0,0
武威市,2022,0,0,0
武威市,2023,0,0,0
武汉市,1990,0,1,2015
武汉市,1991,0,1,2015
武汉市,1992,0,1,2015
武汉市,1993,0,1,2015
武汉市,1994,0,1,2015
武汉市,1995,0,1,2015
武汉市,1996,0,1,2015
武汉市,1997,0,1,2015
武汉市,1998,0,1,2015
武汉市,1999,0,1,2015
武汉市,2000,0,1,2015
武汉市,2001,0,1,2015
武汉市,2002,0,1,2015
武汉市,2003,0,1,2015
武汉市,2004,0,1,2015
武汉市,2005,0,1,2015
武汉市,2006,0,1,2015
武汉市,2007,0,1,2015
武汉市,2008,0,1,2015
武汉市,2009,0,1,2015
武汉市,2010,0,1,2015
武汉市,2011,0,1,2015
武汉市,2012,0,1,2015
武汉市,2013,0,1,2015
武汉市,2014,0,1,2015
武汉市,2015,1,1,2015
武汉市,2016,1,1,2015
武汉市,2017,1,1,2015
武汉市,2018,1,1,2015
武汉市,2019,1,1,2015
武汉市,2020,1,1,2015
武汉市,2021,1,1,2015
武汉市,2022,1,1,2015
武汉市,2023,1,1,2015
毕节市,1990,0,0,0
毕节市,1991,0,0,0
毕节市,1992,0,0,0
毕节市,1993,0,0,0
毕节市,1994,0,0,0
毕节市,1995,0,0,0
毕节市,1996,0,0,0
毕节市,1997,0,0,0
毕节市,1998,0,0,0
毕节市,1999,0,0,0
毕节市,2000,0,0,0
毕节市,2001,0,0,0
毕节市,2002,0,0,0
毕节市,2003,0,0,0
毕节市,2004,0,0,0
毕节市,2005,0,0,0
毕节市,2006,0,0,0
毕节市,2007,0,0,0
毕节市,2008,0,0,0
毕节市,2009,0,0,0
毕节市,2010,0,0,0
毕节市,2011,0,0,0
毕节市,2012,0,0,0
毕节市,2013,0,0,0
毕节市,2014,0,0,0
毕节市,2015,0,0,0
毕节市,2016,0,0,0
毕节市,2017,0,0,0
毕节市,2018,0,0,0
毕节市,2019,0,0,0
毕节市,2020,0,0,0
毕节市,2021,0,0,0
毕节市,2022,0,0,0
毕节市,2023,0,0,0
永州市,1990,0,0,0
永州市,1991,0,0,0
永州市,1992,0,0,0
永州市,1993,0,0,0
永州市,1994,0,0,0
永州市,1995,0,0,0
永州市,1996,0,0,0
永州市,1997,0,0,0
永州市,1998,0,0,0
永州市,1999,0,0,0
永州市,2000,0,0,0
永州市,2001,0,0,0
永州市,2002,0,0,0
永州市,2003,0,0,0
永州市,2004,0,0,0
永州市,2005,0,0,0
永州市,2006,0,0,0
永州市,2007,0,0,0
永州市,2008,0,0,0
永州市,2009,0,0,0
永州市,2010,0,0,0
永州市,2011,0,0,0
永州市,2012,0,0,0
永州市,2013,0,0,0
永州市,2014,0,0,0
永州市,2015,0,0,0
永州市,2016,0,0,0
永州市,2017,0,0,0
永州市,2018,0,0,0
永州市,2019,0,0,0
永州市,2020,0,0,0
永州市,2021,0,0,0
永州市,2022,0,0,0
永州市,2023,0,0,0
汉中市,1990,0,0,0
汉中市,1991,0,0,0
汉中市,1992,0,0,0
汉中市,1993,0,0,0
汉中市,1994,0,0,0
汉中市,1995,0,0,0
汉中市,1996,0,0,0
汉中市,1997,0,0,0
汉中市,1998,0,0,0
汉中市,1999,0,0,0
汉中市,2000,0,0,0
汉中市,2001,0,0,0
汉中市,2002,0,0,0
汉中市,2003,0,0,0
汉中市,2004,0,0,0
汉中市,2005,0,0,0
汉中市,2006,0,0,0
汉中市,2007,0,0,0
汉中市,2008,0,0,0
汉中市,2009,0,0,0
汉中市,2010,0,0,0
汉中市,2011,0,0,0
汉中市,2012,0,0,0
汉中市,2013,0,0,0
汉中市,2014,0,0,0
汉中市,2015,0,0,0
汉中市,2016,0,0,0
汉中市,2017,0,0,0
汉中市,2018,0,0,0
汉中市,2019,0,0,0
汉中市,2020,0,0,0
汉中市,2021,0,0,0
汉中市,2022,0,0,0
汉中市,2023,0,0,0
汕头市,1990,0,0,0
汕头市,1991,0,0,0
汕头市,1992,0,0,0
汕头市,1993,0,0,0
汕头市,1994,0,0,0
汕头市,1995,0,0,0
汕头市,1996,0,0,0
汕头市,1997,0,0,0
汕头市,1998,0,0,0
汕头市,1999,0,0,0
汕头市,2000,0,0,0
汕头市,2001,0,0,0
汕头市,2002,0,0,0
汕头市,2003,0,0,0
汕头市,2004,0,0,0
汕头市,2005,0,0,0
汕头市,2006,0,0,0
汕头市,2007,0,0,0
汕头市,2008,0,0,0
汕头市,2009,0,0,0
汕头市,2010,0,0,0
汕头市,2011,0,0,0
汕头市,2012,0,0,0
汕头市,2013,0,0,0
汕头市,2014,0,0,0
汕头市,2015,0,0,0
汕头市,2016,0,0,0
汕头市,2017,0,0,0
汕头市,2018,0,0,0
汕头市,2019,0,0,0
汕头市,2020,0,0,0
汕头市,2021,0,0,0
汕头市,2022,0,0,0
汕头市,2023,0,0,0
汕尾市,1990,0,0,0
汕尾市,1991,0,0,0
汕尾市,1992,0,0,0
汕尾市,1993,0,0,0
汕尾市,1994,0,0,0
汕尾市,1995,0,0,0
汕尾市,1996,0,0,0
汕尾市,1997,0,0,0
汕尾市,1998,0,0,0
汕尾市,1999,0,0,0
汕尾市,2000,0,0,0
汕尾市,2001,0,0,0
汕尾市,2002,0,0,0
汕尾市,2003,0,0,0
汕尾市,2004,0,0,0
汕尾市,2005,0,0,0
汕尾市,2006,0,0,0
汕尾市,2007,0,0,0
汕尾市,2008,0,0,0
汕尾市,2009,0,0,0
汕尾市,2010,0,0,0
汕尾市,2011,0,0,0
汕尾市,2012,0,0,0
汕尾市,2013,0,0,0
汕尾市,2014,0,0,0
汕尾市,2015,0,0,0
汕尾市,2016,0,0,0
汕尾市,2017,0,0,0
汕尾市,2018,0,0,0
汕尾市,2019,0,0,0
汕尾市,2020,0,0,0
汕尾市,2021,0,0,0
汕尾市,2022,0,0,0
汕尾市,2023,0,0,0
江门市,1990,0,0,0
江门市,1991,0,0,0
江门市,1992,0,0,0
江门市,1993,0,0,0
江门市,1994,0,0,0
江门市,1995,0,0,0
江门市,1996,0,0,0
江门市,1997,0,0,0
江门市,1998,0,0,0
江门市,1999,0,0,0
江门市,2000,0,0,0
江门市,2001,0,0,0
江门市,2002,0,0,0
江门市,2003,0,0,0
江门市,2004,0,0,0
江门市,2005,0,0,0
江门市,2006,0,0,0
江门市,2007,0,0,0
江门市,2008,0,0,0
江门市,2009,0,0,0
江门市,2010,0,0,0
江门市,2011,0,0,0
江门市,2012,0,0,0
江门市,2013,0,0,0
江门市,2014,0,0,0
江门市,2015,0,0,0
江门市,2016,0,0,0
江门市,2017,0,0,0
江门市,2018,0,0,0
江门市,2019,0,0,0
江门市,2020,0,0,0
江门市,2021,0,0,0
江门市,2022,0,0,0
江门市,2023,0,0,0
池州市,1990,0,1,2015
池州市,1991,0,1,2015
池州市,1992,0,1,2015
池州市,1993,0,1,2015
池州市,1994,0,1,2015
池州市,1995,0,1,2015
池州市,1996,0,1,2015
池州市,1997,0,1,2015
池州市,1998,0,1,2015
池州市,1999,0,1,2015
池州市,2000,0,1,2015
池州市,2001,0,1,2015
池州市,2002,0,1,2015
池州市,2003,0,1,2015
池州市,2004,0,1,2015
池州市,2005,0,1,2015
池州市,2006,0,1,2015
池州市,2007,0,1,2015
池州市,2008,0,1,2015
池州市,2009,0,1,2015
池州市,2010,0,1,2015
池州市,2011,0,1,2015
池州市,2012,0,1,2015
池州市,2013,0,1,2015
池州市,2014,0,1,2015
池州市,2015,1,1,2015
池州市,2016,1,1,2015
池州市,2017,1,1,2015
池州市,2018,1,1,2015
池州市,2019,1,1,2015
池州市,2020,1,1,2015
池州市,2021,1,1,2015
池州市,2022,1,1,2015
池州市,2023,1,1,2015
沈阳市,1990,0,0,0
沈阳市,1991,0,0,0
沈阳市,1992,0,0,0
沈阳市,1993,0,0,0
沈阳市,1994,0,0,0
沈阳市,1995,0,0,0
沈阳市,1996,0,0,0
沈阳市,1997,0,0,0
沈阳市,1998,0,0,0
沈阳市,1999,0,0,0
沈阳市,2000,0,0,0
沈阳市,2001,0,0,0
沈阳市,2002,0,0,0
沈阳市,2003,0,0,0
沈阳市,2004,0,0,0
沈阳市,2005,0,0,0
沈阳市,2006,0,0,0
沈阳市,2007,0,0,0
沈阳市,2008,0,0,0
沈阳市,2009,0,0,0
沈阳市,2010,0,0,0
沈阳市,2011,0,0,0
沈阳市,2012,0,0,0
沈阳市,2013,0,0,0
沈阳市,2014,0,0,0
沈阳市,2015,0,0,0
沈阳市,2016,0,0,0
沈阳市,2017,0,0,0
沈阳市,2018,0,0,0
沈阳市,2019,0,0,0
沈阳市,2020,0,0,0
沈阳市,2021,0,0,0
沈阳市,2022,0,0,0
沈阳市,2023,0,0,0
沧州市,1990,0,0,0
沧州市,1991,0,0,0
沧州市,1992,0,0,0
沧州市,1993,0,0,0
沧州市,1994,0,0,0
沧州市,1995,0,0,0
沧州市,1996,0,0,0
沧州市,1997,0,0,0
沧州市,1998,0,0,0
沧州市,1999,0,0,0
沧州市,2000,0,0,0
沧州市,2001,0,0,0
沧州市,2002,0,0,0
沧州市,2003,0,0,0
沧州市,2004,0,0,0
沧州市,2005,0,0,0
沧州市,2006,0,0,0
沧州市,2007,0,0,0
沧州市,2008,0,0,0
沧州市,2009,0,0,0
沧州市,2010,0,0,0
沧州市,2011,0,0,0
沧州市,2012,0,0,0
沧州市,2013,0,0,0
沧州市,2014,0,0,0
沧州市,2015,0,0,0
沧州市,2016,0,0,0
沧州市,2017,0,0,0
沧州市,2018,0,0,0
沧州市,2019,0,0,0
沧州市,2020,0,0,0
沧州市,2021,0,0,0
沧州市,2022,0,0,0
沧州市,2023,0,0,0
河池市,1990,0,0,0
河池市,1991,0,0,0
河池市,1992,0,0,0
河池市,1993,0,0,0
河池市,1994,0,0,0
河池市,1995,0,0,0
河池市,1996,0,0,0
河池市,1997,0,0,0
河池市,1998,0,0,0
河池市,1999,0,0,0
河池市,2000,0,0,0
河池市,2001,0,0,0
河池市,2002,0,0,0
河池市,2003,0,0,0
河池市,2004,0,0,0
河池市,2005,0,0,0
河池市,2006,0,0,0
河池市,2007,0,0,0
河池市,2008,0,0,0
河池市,2009,0,0,0
河池市,2010,0,0,0
河池市,2011,0,0,0
河池市,2012,0,0,0
河池市,2013,0,0,0
河池市,2014,0,0,0
河池市,2015,0,0,0
河池市,2016,0,0,0
河池市,2017,0,0,0
河池市,2018,0,0,0
河池市,2019,0,0,0
河池市,2020,0,0,0
河池市,2021,0,0,0
河池市,2022,0,0,0
河池市,2023,0,0,0
河源市,1990,0,0,0
河源市,1991,0,0,0
河源市,1992,0,0,0
河源市,1993,0,0,0
河源市,1994,0,0,0
河源市,1995,0,0,0
河源市,1996,0,0,0
河源市,1997,0,0,0
河源市,1998,0,0,0
河源市,1999,0,0,0
河源市,2000,0,0,0
河源市,2001,0,0,0
河源市,2002,0,0,0
河源市,2003,0,0,0
河源市,2004,0,0,0
河源市,2005,0,0,0
河源市,2006,0,0,0
河源市,2007,0,0,0
河源市,2008,0,0,0
河源市,2009,0,0,0
河源市,2010,0,0,0
河源市,2011,0,0,0
河源市,2012,0,0,0
河源市,2013,0,0,0
河源市,2014,0,0,0
河源市,2015,0,0,0
河源市,2016,0,0,0
河源市,2017,0,0,0
河源市,2018,0,0,0
河源市,2019,0,0,0
河源市,2020,0,0,0
河源市,2021,0,0,0
河源市,2022,0,0,0
河源市,2023,0,0,0
泉州市,1990,0,0,0
泉州市,1991,0,0,0
泉州市,1992,0,0,0
泉州市,1993,0,0,0
泉州市,1994,0,0,0
泉州市,1995,0,0,0
泉州市,1996,0,0,0
泉州市,1997,0,0,0
泉州市,1998,0,0,0
泉州市,1999,0,0,0
泉州市,2000,0,0,0
泉州市,2001,0,0,0
泉州市,2002,0,0,0
泉州市,2003,0,0,0
泉州市,2004,0,0,0
泉州市,2005,0,0,0
泉州市,2006,0,0,0
泉州市,2007,0,0,0
泉州市,2008,0,0,0
泉州市,2009,0,0,0
泉州市,2010,0,0,0
泉州市,2011,0,0,0
泉州市,2012,0,0,0
泉州市,2013,0,0,0
泉州市,2014,0,0,0
泉州市,2015,0,0,0
泉州市,2016,0,0,0
泉州市,2017,0,0,0
泉州市,2018,0,0,0
泉州市,2019,0,0,0
泉州市,2020,0,0,0
泉州市,2021,0,0,0
泉州市,2022,0,0,0
泉州市,2023,0,0,0
泰安市,1990,0,0,0
泰安市,1991,0,0,0
泰安市,1992,0,0,0
泰安市,1993,0,0,0
泰安市,1994,0,0,0
泰安市,1995,0,0,0
泰安市,1996,0,0,0
泰安市,1997,0,0,0
泰安市,1998,0,0,0
泰安市,1999,0,0,0
泰安市,2000,0,0,0
泰安市,2001,0,0,0
泰安市,2002,0,0,0
泰安市,2003,0,0,0
泰安市,2004,0,0,0
泰安市,2005,0,0,0
泰安市,2006,0,0,0
泰安市,2007,0,0,0
泰安市,2008,0,0,0
泰安市,2009,0,0,0
泰安市,2010,0,0,0
泰安市,2011,0,0,0
泰安市,2012,0,0,0
泰安市,2013,0,0,0
泰安市,2014,0,0,0
泰安市,2015,0,0,0
泰安市,2016,0,0,0
泰安市,2017,0,0,0
泰安市,2018,0,0,0
泰安市,2019,0,0,0
泰安市,2020,0,0,0
泰安市,2021,0,0,0
泰安市,2022,0,0,0
泰安市,2023,0,0,0
泰州市,1990,0,0,0
泰州市,1991,0,0,0
泰州市,1992,0,0,0
泰州市,1993,0,0,0
泰州市,1994,0,0,0
泰州市,1995,0,0,0
泰州市,1996,0,0,0
泰州市,1997,0,0,0
泰州市,1998,0,0,0
泰州市,1999,0,0,0
泰州市,2000,0,0,0
泰州市,2001,0,0,0
泰州市,2002,0,0,0
泰州市,2003,0,0,0
泰州市,2004,0,0,0
泰州市,2005,0,0,0
泰州市,2006,0,0,0
泰州市,2007,0,0,0
泰州市,2008,0,0,0
泰州市,2009,0,0,0
泰州市,2010,0,0,0
泰州市,2011,0,0,0
泰州市,2012,0,0,0
泰州市,2013,0,0,0
泰州市,2014,0,0,0
泰州市,2015,0,0,0
泰州市,2016,0,0,0
泰州市,2017,0,0,0
泰州市,2018,0,0,0
泰州市,2019,0,0,0
泰州市,2020,0,0,0
泰州市,2021,0,0,0
泰州市,2022,0,0,0
泰州市,2023,0,0,0
泸州市,1990,0,0,0
泸州市,1991,0,0,0
泸州市,1992,0,0,0
泸州市,1993,0,0,0
泸州市,1994,0,0,0
泸州市,1995,0,0,0
泸州市,1996,0,0,0
泸州市,1997,0,0,0
泸州市,1998,0,0,0
泸州市,1999,0,0,0
泸州市,2000,0,0,0
泸州市,2001,0,0,0
泸州市,2002,0,0,0
泸州市,2003,0,0,0
泸州市,2004,0,0,0
泸州市,2005,0,0,0
泸州市,2006,0,0,0
泸州市,2007,0,0,0
泸州市,2008,0,0,0
泸州市,2009,0,0,0
泸州市,2010,0,0,0
泸州市,2011,0,0,0
泸州市,2012,0,0,0
泸州市,2013,0,0,0
泸州市,2014,0,0,0
泸州市,2015,0,0,0
泸州市,2016,0,0,0
泸州市,2017,0,0,0
泸州市,2018,0,0,0
泸州市,2019,0,0,0
泸州市,2020,0,0,0
泸州市,2021,0,0,0
泸州市,2022,0,0,0
泸州市,2023,0,0,0
洛阳市,1990,0,0,0
洛阳市,1991,0,0,0
洛阳市,1992,0,0,0
洛阳市,1993,0,0,0
洛阳市,1994,0,0,0
洛阳市,1995,0,0,0
洛阳市,1996,0,0,0
洛阳市,1997,0,0,0
洛阳市,1998,0,0,0
洛阳市,1999,0,0,0
洛阳市,2000,0,0,0
洛阳市,2001,0,0,0
洛阳市,2002,0,0,0
洛阳市,2003,0,0,0
洛阳市,2004,0,0,0
洛阳市,2005,0,0,0
洛阳市,2006,0,0,0
洛阳市,2007,0,0,0
洛阳市,2008,0,0,0
洛阳市,2009,0,0,0
洛阳市,2010,0,0,0
洛阳市,2011,0,0,0
洛阳市,2012,0,0,0
洛阳市,2013,0,0,0
洛阳市,2014,0,0,0
洛阳市,2015,0,0,0
洛阳市,2016,0,0,0
洛阳市,2017,0,0,0
洛阳市,2018,0,0,0
洛阳市,2019,0,0,0
洛阳市,2020,0,0,0
洛阳市,2021,0,0,0
洛阳市,2022,0,0,0
洛阳市,2023,0,0,0
济南市,1990,0,1,2015
济南市,1991,0,1,2015
济南市,1992,0,1,2015
济南市,1993,0,1,2015
济南市,1994,0,1,2015
济南市,1995,0,1,2015
济南市,1996,0,1,2015
济南市,1997,0,1,2015
济南市,1998,0,1,2015
济南市,1999,0,1,2015
济南市,2000,0,1,2015
济南市,2001,0,1,2015
济南市,2002,0,1,2015
济南市,2003,0,1,2015
济南市,2004,0,1,2015
济南市,2005,0,1,2015
济南市,2006,0,1,2015
济南市,2007,0,1,2015
济南市,2008,0,1,2015
济南市,2009,0,1,2015
济南市,2010,0,1,2015
济南市,2011,0,1,2015
济南市,2012,0,1,2015
济南市,2013,0,1,2015
济南市,2014,0,1,2015
济南市,2015,1,1,2015
济南市,2016,1,1,2015
济南市,2017,1,1,2015
济南市,2018,1,1,2015
济南市,2019,1,1,2015
济南市,2020,1,1,2015
济南市,2021,1,1,2015
济南市,2022,1,1,2015
济南市,2023,1,1,2015
济宁市,1990,0,0,0
济宁市,1991,0,0,0
济宁市,1992,0,0,0
济宁市,1993,0,0,0
济宁市,1994,0,0,0
济宁市,1995,0,0,0
济宁市,1996,0,0,0
济宁市,1997,0,0,0
济宁市,1998,0,0,0
济宁市,1999,0,0,0
济宁市,2000,0,0,0
济宁市,2001,0,0,0
济宁市,2002,0,0,0
济宁市,2003,0,0,0
济宁市,2004,0,0,0
济宁市,2005,0,0,0
济宁市,2006,0,0,0
济宁市,2007,0,0,0
济宁市,2008,0,0,0
济宁市,2009,0,0,0
济宁市,2010,0,0,0
济宁市,2011,0,0,0
济宁市,2012,0,0,0
济宁市,2013,0,0,0
济宁市,2014,0,0,0
济宁市,2015,0,0,0
济宁市,2016,0,0,0
济宁市,2017,0,0,0
济宁市,2018,0,0,0
济宁市,2019,0,0,0
济宁市,2020,0,0,0
济宁市,2021,0,0,0
济宁市,2022,0,0,0
济宁市,2023,0,0,0
海东市,1990,0,0,0
海东市,1991,0,0,0
海东市,1992,0,0,0
海东市,1993,0,0,0
海东市,1994,0,0,0
海东市,1995,0,0,0
海东市,1996,0,0,0
海东市,1997,0,0,0
海东市,1998,0,0,0
海东市,1999,0,0,0
海东市,2000,0,0,0
海东市,2001,0,0,0
海东市,2002,0,0,0
海东市,2003,0,0,0
海东市,2004,0,0,0
海东市,2005,0,0,0
海东市,2006,0,0,0
海东市,2007,0,0,0
海东市,2008,0,0,0
海东市,2009,0,0,0
海东市,2010,0,0,0
海东市,2011,0,0,0
海东市,2012,0,0,0
海东市,2013,0,0,0
海东市,2014,0,0,0
海东市,2015,0,0,0
海东市,2016,0,0,0
海东市,2017,0,0,0
海东市,2018,0,0,0
海东市,2019,0,0,0
海东市,2020,0,0,0
海东市,2021,0,0,0
海东市,2022,0,0,0
海东市,2023,0,0,0
海南藏族自治州,1990,0,0,0
海南藏族自治州,1991,0,0,0
海南藏族自治州,1992,0,0,0
海南藏族自治州,1993,0,0,0
海南藏族自治州,1994,0,0,0
海南藏族自治州,1995,0,0,0
海南藏族自治州,1996,0,0,0
海南藏族自治州,1997,0,0,0
海南藏族自治州,1998,0,0,0
海南藏族自治州,1999,0,0,0
海南藏族自治州,2000,0,0,0
海南藏族自治州,2001,0,0,0
海南藏族自治州,2002,0,0,0
海南藏族自治州,2003,0,0,0
海南藏族自治州,2004,0,0,0
海南藏族自治州,2005,0,0,0
海南藏族自治州,2006,0,0,0
海南藏族自治州,2007,0,0,0
海南藏族自治州,2008,0,0,0
海南藏族自治州,2009,0,0,0
海南藏族自治州,2010,0,0,0
海南藏族自治州,2011,0,0,0
海南藏族自治州,2012,0,0,0
海南藏族自治州,2013,0,0,0
海南藏族自治州,2014,0,0,0
海南藏族自治州,2015,0,0,0
海南藏族自治州,2016,0,0,0
海南藏族自治州,2017,0,0,0
海南藏族自治州,2018,0,0,0
海南藏族自治州,2019,0,0,0
海南藏族自治州,2020,0,0,0
海南藏族自治州,2021,0,0,0
海南藏族自治州,2022,0,0,0
海南藏族自治州,2023,0,0,0
海口市,1990,0,0,0
海口市,1991,0,0,0
海口市,1992,0,0,0
海口市,1993,0,0,0
海口市,1994,0,0,0
海口市,1995,0,0,0
海口市,1996,0,0,0
海口市,1997,0,0,0
海口市,1998,0,0,0
海口市,1999,0,0,0
海口市,2000,0,0,0
海口市,2001,0,0,0
海口市,2002,0,0,0
海口市,2003,0,0,0
海口市,2004,0,0,0
海口市,2005,0,0,0
海口市,2006,0,0,0
海口市,2007,0,0,0
海口市,2008,0,0,0
海口市,2009,0,0,0
海口市,2010,0,0,0
海口市,2011,0,0,0
海口市,2012,0,0,0
海口市,2013,0,0,0
海口市,2014,0,0,0
海口市,2015,0,0,0
海口市,2016,0,0,0
海口市,2017,0,0,0
海口市,2018,0,0,0
海口市,2019,0,0,0
海口市,2020,0,0,0
海口市,2021,0,0,0
海口市,2022,0,0,0
海口市,2023,0,0,0
淄博市,1990,0,0,0
淄博市,1991,0,0,0
淄博市,1992,0,0,0
淄博市,1993,0,0,0
淄博市,1994,0,0,0
淄博市,1995,0,0,0
淄博市,1996,0,0,0
淄博市,1997,0,0,0
淄博市,1998,0,0,0
淄博市,1999,0,0,0
淄博市,2000,0,0,0
淄博市,2001,0,0,0
淄博市,2002,0,0,0
淄博市,2003,0,0,0
淄博市,2004,0,0,0
淄博市,2005,0,0,0
淄博市,2006,0,0,0
淄博市,2007,0,0,0
淄博市,2008,0,0,0
淄博市,2009,0,0,0
淄博市,2010,0,0,0
淄博市,2011,0,0,0
淄博市,2012,0,0,0
淄博市,2013,0,0,0
淄博市,2014,0,0,0
淄博市,2015,0,0,0
淄博市,2016,0,0,0
淄博市,2017,0,0,0
淄博市,2018,0,0,0
淄博市,2019,0,0,0
淄博市,2020,0,0,0
淄博市,2021,0,0,0
淄博市,2022,0,0,0
淄博市,2023,0,0,0
淮北市,1990,0,0,0
淮北市,1991,0,0,0
淮北市,1992,0,0,0
淮北市,1993,0,0,0
淮北市,1994,0,0,0
淮北市,1995,0,0,0
淮北市,1996,0,0,0
淮北市,1997,0,0,0
淮北市,1998,0,0,0
淮北市,1999,0,0,0
淮北市,2000,0,0,0
淮北市,2001,0,0,0
淮北市,2002,0,0,0
淮北市,2003,0,0,0
淮北市,2004,0,0,0
淮北市,2005,0,0,0
淮北市,2006,0,0,0
淮北市,2007,0,0,0
淮北市,2008,0,0,0
淮北市,2009,0,0,0
淮北市,2010,0,0,0
淮北市,2011,0,0,0
淮北市,2012,0,0,0
淮北市,2013,0,0,0
淮北市,2014,0,0,0
淮北市,2015,0,0,0
淮北市,2016,0,0,0
淮北市,2017,0,0,0
淮北市,2018,0,0,0
淮北市,2019,0,0,0
淮北市,2020,0,0,0
淮北市,2021,0,0,0
淮北市,2022,0,0,0
淮北市,2023,0,0,0
淮南市,1990,0,0,0
淮南市,1991,0,0,0
淮南市,1992,0,0,0
淮南市,1993,0,0,0
淮南市,1994,0,0,0
淮南市,1995,0,0,0
淮南市,1996,0,0,0
淮南市,1997,0,0,0
淮南市,1998,0,0,0
淮南市,1999,0,0,0
淮南市,2000,0,0,0
淮南市,2001,0,0,0
淮南市,2002,0,0,0
淮南市,2003,0,0,0
淮南市,2004,0,0,0
淮南市,2005,0,0,0
淮南市,2006,0,0,0
淮南市,2007,0,0,0
淮南市,2008,0,0,0
淮南市,2009,0,0,0
淮南市,2010,0,0,0
淮南市,2011,0,0,0
淮南市,2012,0,0,0
淮南市,2013,0,0,0
淮南市,2014,0,0,0
淮南市,2015,0,0,0
淮南市,2016,0,0,0
淮南市,2017,0,0,0
淮南市,2018,0,0,0
淮南市,2019,0,0,0
淮南市,2020,0,0,0
淮南市,2021,0,0,0
淮南市,2022,0,0,0
淮南市,2023,0,0,0
淮安市,1990,0,0,0
淮安市,1991,0,0,0
淮安市,1992,0,0,0
淮安市,1993,0,0,0
淮安市,1994,0,0,0
淮安市,1995,0,0,0
淮安市,1996,0,0,0
淮安市,1997,0,0,0
淮安市,1998,0,0,0
淮安市,1999,0,0,0
淮安市,2000,0,0,0
淮安市,2001,0,0,0
淮安市,2002,0,0,0
淮安市,2003,0,0,0
淮安市,2004,0,0,0
淮安市,2005,0,0,0
淮安市,2006,0,0,0
淮安市,2007,0,0,0
淮安市,2008,0,0,0
淮安市,2009,0,0,0
淮安市,2010,0,0,0
淮安市,2011,0,0,0
淮安市,2012,0,0,0
淮安市,2013,0,0,0
淮安市,2014,0,0,0
淮安市,2015,0,0,0
淮安市,2016,0,0,0
淮安市,2017,0,0,0
淮安市,2018,0,0,0
淮安市,2019,0,0,0
淮安市,2020,0,0,0
淮安市,2021,0,0,0
淮安市,2022,0,0,0
淮安市,2023,0,0,0
深圳市,1990,0,2,2016
深圳市,1991,0,2,2016
深圳市,1992,0,2,2016
深圳市,1993,0,2,2016
深圳市,1994,0,2,2016
深圳市,1995,0,2,2016
深圳市,1996,0,2,2016
深圳市,1997,0,2,2016
深圳市,1998,0,2,2016
深圳市,1999,0,2,2016
深圳市,2000,0,2,2016
深圳市,2001,0,2,2016
深圳市,2002,0,2,2016
深圳市,2003,0,2,2016
深圳市,2004,0,2,2016
深圳市,2005,0,2,2016
深圳市,2006,0,2,2016
深圳市,2007,0,2,2016
深圳市,2008,0,2,2016
深圳市,2009,0,2,2016
深圳市,2010,0,2,2016
深圳市,2011,0,2,2016
深圳市,2012,0,2,2016
深圳市,2013,0,2,2016
深圳市,2014,0,2,2016
深圳市,2015,0,2,2016
深圳市,2016,1,2,2016
深圳市,2017,1,2,2016
深圳市,2018,1,2,2016
深圳市,2019,1,2,2016
深圳市,2020,1,2,2016
深圳市,2021,1,2,2016
深圳市,2022,1,2,2016
深圳市,2023,1,2,2016
清远市,1990,0,0,0
清远市,1991,0,0,0
清远市,1992,0,0,0
清远市,1993,0,0,0
清远市,1994,0,0,0
清远市,1995,0,0,0
清远市,1996,0,0,0
清远市,1997,0,0,0
清远市,1998,0,0,0
清远市,1999,0,0,0
清远市,2000,0,0,0
清远市,2001,0,0,0
清远市,2002,0,0,0
清远市,2003,0,0,0
清远市,2004,0,0,0
清远市,2005,0,0,0
清远市,2006,0,0,0
清远市,2007,0,0,0
清远市,2008,0,0,0
清远市,2009,0,0,0
清远市,2010,0,0,0
清远市,2011,0,0,0
清远市,2012,0,0,0
清远市,2013,0,0,0
清远市,2014,0,0,0
清远市,2015,0,0,0
清远市,2016,0,0,0
清远市,2017,0,0,0
清远市,2018,0,0,0
清远市,2019,0,0,0
清远市,2020,0,0,0
清远市,2021,0,0,0
清远市,2022,0,0,0
清远市,2023,0,0,0
温州市,1990,0,0,0
温州市,1991,0,0,0
温州市,1992,0,0,0
温州市,1993,0,0,0
温州市,1994,0,0,0
温州市,1995,0,0,0
温州市,1996,0,0,0
温州市,1997,0,0,0
温州市,1998,0,0,0
温州市,1999,0,0,0
温州市,2000,0,0,0
温州市,2001,0,0,0
温州市,2002,0,0,0
温州市,2003,0,0,0
温州市,2004,0,0,0
温州市,2005,0,0,0
温州市,2006,0,0,0
温州市,2007,0,0,0
温州市,2008,0,0,0
温州市,2009,0,0,0
温州市,2010,0,0,0
温州市,2011,0,0,0
温州市,2012,0,0,0
温州市,2013,0,0,0
温州市,2014,0,0,0
温州市,2015,0,0,0
温州市,2016,0,0,0
温州市,2017,0,0,0
温州市,2018,0,0,0
温州市,2019,0,0,0
温州市,2020,0,0,0
温州市,2021,0,0,0
温州市,2022,0,0,0
温州市,2023,0,0,0
渭南市,1990,0,0,0
渭南市,1991,0,0,0
渭南市,1992,0,0,0
渭南市,1993,0,0,0
渭南市,1994,0,0,0
渭南市,1995,0,0,0
渭南市,1996,0,0,0
渭南市,1997,0,0,0
渭南市,1998,0,0,0
渭南市,1999,0,0,0
渭南市,2000,0,0,0
渭南市,2001,0,0,0
渭南市,2002,0,0,0
渭南市,2003,0,0,0
渭南市,2004,0,0,0
渭南市,2005,0,0,0
渭南市,2006,0,0,0
渭南市,2007,0,0,0
渭南市,2008,0,0,0
渭南市,2009,0,0,0
渭南市,2010,0,0,0
渭南市,2011,0,0,0
渭南市,2012,0,0,0
渭南市,2013,0,0,0
渭南市,2014,0,0,0
渭南市,2015,0,0,0
渭南市,2016,0,0,0
渭南市,2017,0,0,0
渭南市,2018,0,0,0
渭南市,2019,0,0,0
渭南市,2020,0,0,0
渭南市,2021,0,0,0
渭南市,2022,0,0,0
渭南市,2023,0,0,0
湖州市,1990,0,0,0
湖州市,1991,0,0,0
湖州市,1992,0,0,0
湖州市,1993,0,0,0
湖州市,1994,0,0,0
湖州市,1995,0,0,0
湖州市,1996,0,0,0
湖州市,1997,0,0,0
湖州市,1998,0,0,0
湖州市,1999,0,0,0
湖州市,2000,0,0,0
湖州市,2001,0,0,0
湖州市,2002,0,0,0
湖州市,2003,0,0,0
湖州市,2004,0,0,0
湖州市,2005,0,0,0
湖州市,2006,0,0,0
湖州市,2007,0,0,0
湖州市,2008,0,0,0
湖州市,2009,0,0,0
湖州市,2010,0,0,0
湖州市,2011,0,0,0
湖州市,2012,0,0,0
湖州市,2013,0,0,0
湖州市,2014,0,0,0
湖州市,2015,0,0,0
湖州市,2016,0,0,0
湖州市,2017,0,0,0
湖州市,2018,0,0,0
湖州市,2019,0,0,0
湖州市,2020,0,0,0
湖州市,2021,0,0,0
湖州市,2022,0,0,0
湖州市,2023,0,0,0
湘潭市,1990,0,0,0
湘潭市,1991,0,0,0
湘潭市,1992,0,0,0
湘潭市,1993,0,0,0
湘潭市,1994,0,0,0
湘潭市,1995,0,0,0
湘潭市,1996,0,0,0
湘潭市,1997,0,0,0
湘潭市,1998,0,0,0
湘潭市,1999,0,0,0
湘潭市,2000,0,0,0
湘潭市,2001,0,0,0
湘潭市,2002,0,0,0
湘潭市,2003,0,0,0
湘潭市,2004,0,0,0
湘潭市,2005,0,0,0
湘潭市,2006,0,0,0
湘潭市,2007,0,0,0
湘潭市,2008,0,0,0
湘潭市,2009,0,0,0
湘潭市,2010,0,0,0
湘潭市,2011,0,0,0
湘潭市,2012,0,0,0
湘潭市,2013,0,0,0
湘潭市,2014,0,0,0
湘潭市,2015,0,0,0
湘潭市,2016,0,0,0
湘潭市,2017,0,0,0
湘潭市,2018,0,0,0
湘潭市,2019,0,0,0
湘潭市,2020,0,0,0
湘潭市,2021,0,0,0
湘潭市,2022,0,0,0
湘潭市,2023,0,0,0
湛江市,1990,0,0,0
湛江市,1991,0,0,0
湛江市,1992,0,0,0
湛江市,1993,0,0,0
湛江市,1994,0,0,0
湛江市,1995,0,0,0
湛江市,1996,0,0,0
湛江市,1997,0,0,0
湛江市,1998,0,0,0
湛江市,1999,0,0,0
湛江市,2000,0,0,0
湛江市,2001,0,0,0
湛江市,2002,0,0,0
湛江市,2003,0,0,0
湛江市,2004,0,0,0
湛江市,2005,0,0,0
湛江市,2006,0,0,0
湛江市,2007,0,0,0
湛江市,2008,0,0,0
湛江市,2009,0,0,0
湛江市,2010,0,0,0
湛江市,2011,0,0,0
湛江市,2012,0,0,0
湛江市,2013,0,0,0
湛江市,2014,0,0,0
湛江市,2015,0,0,0
湛江市,2016,0,0,0
湛江市,2017,0,0,0
湛江市,2018,0,0,0
湛江市,2019,0,0,0
湛江市,2020,0,0,0
湛江市,2021,0,0,0
湛江市,2022,0,0,0
湛江市,2023,0,0,0
滁州市,1990,0,0,0
滁州市,1991,0,0,0
滁州市,1992,0,0,0
滁州市,1993,0,0,0
滁州市,1994,0,0,0
滁州市,1995,0,0,0
滁州市,1996,0,0,0
滁州市,1997,0,0,0
滁州市,1998,0,0,0
滁州市,1999,0,0,0
滁州市,2000,0,0,0
滁州市,2001,0,0,0
滁州市,2002,0,0,0
滁州市,2003,0,0,0
滁州市,2004,0,0,0
滁州市,2005,0,0,0
滁州市,2006,0,0,0
滁州市,2007,0,0,0
滁州市,2008,0,0,0
滁州市,2009,0,0,0
滁州市,2010,0,0,0
滁州市,2011,0,0,0
滁州市,2012,0,0,0
滁州市,2013,0,0,0
滁州市,2014,0,0,0
滁州市,2015,0,0,0
滁州市,2016,0,0,0
滁州市,2017,0,0,0
滁州市,2018,0,0,0
滁州市,2019,0,0,0
滁州市,2020,0,0,0
滁州市,2021,0,0,0
滁州市,2022,0,0,0
滁州市,2023,0,0,0
滨州市,1990,0,0,0
滨州市,1991,0,0,0
滨州市,1992,0,0,0
滨州市,1993,0,0,0
滨州市,1994,0,0,0
滨州市,1995,0,0,0
滨州市,1996,0,0,0
滨州市,1997,0,0,0
滨州市,1998,0,0,0
滨州市,1999,0,0,0
滨州市,2000,0,0,0
滨州市,2001,0,0,0
滨州市,2002,0,0,0
滨州市,2003,0,0,0
滨州市,2004,0,0,0
滨州市,2005,0,0,0
滨州市,2006,0,0,0
滨州市,2007,0,0,0
滨州市,2008,0,0,0
滨州市,2009,0,0,0
滨州市,2010,0,0,0
滨州市,2011,0,0,0
滨州市,2012,0,0,0
滨州市,2013,0,0,0
滨州市,2014,0,0,0
滨州市,2015,0,0,0
滨州市,2016,0,0,0
滨州市,2017,0,0,0
滨州市,2018,0,0,0
滨州市,2019,0,0,0
滨州市,2020,0,0,0
滨州市,2021,0,0,0
滨州市,2022,0,0,0
滨州市,2023,0,0,0
漯河市,1990,0,0,0
漯河市,1991,0,0,0
漯河市,1992,0,0,0
漯河市,1993,0,0,0
漯河市,1994,0,0,0
漯河市,1995,0,0,0
漯河市,1996,0,0,0
漯河市,1997,0,0,0
漯河市,1998,0,0,0
漯河市,1999,0,0,0
漯河市,2000,0,0,0
漯河市,2001,0,0,0
漯河市,2002,0,0,0
漯河市,2003,0,0,0
漯河市,2004,0,0,0
漯河市,2005,0,0,0
漯河市,2006,0,0,0
漯河市,2007,0,0,0
漯河市,2008,0,0,0
漯河市,2009,0,0,0
漯河市,2010,0,0,0
漯河市,2011,0,0,0
漯河市,2012,0,0,0
漯河市,2013,0,0,0
漯河市,2014,0,0,0
漯河市,2015,0,0,0
漯河市,2016,0,0,0
漯河市,2017,0,0,0
漯河市,2018,0,0,0
漯河市,2019,0,0,0
漯河市,2020,0,0,0
漯河市,2021,0,0,0
漯河市,2022,0,0,0
漯河市,2023,0,0,0
漳州市,1990,0,0,0
漳州市,1991,0,0,0
漳州市,1992,0,0,0
漳州市,1993,0,0,0
漳州市,1994,0,0,0
漳州市,1995,0,0,0
漳州市,1996,0,0,0
漳州市,1997,0,0,0
漳州市,1998,0,0,0
漳州市,1999,0,0,0
漳州市,2000,0,0,0
漳州市,2001,0,0,0
漳州市,2002,0,0,0
漳州市,2003,0,0,0
漳州市,2004,0,0,0
漳州市,2005,0,0,0
漳州市,2006,0,0,0
漳州市,2007,0,0,0
漳州市,2008,0,0,0
漳州市,2009,0,0,0
漳州市,2010,0,0,0
漳州市,2011,0,0,0
漳州市,2012,0,0,0
漳州市,2013,0,0,0
漳州市,2014,0,0,0
漳州市,2015,0,0,0
漳州市,2016,0,0,0
漳州市,2017,0,0,0
漳州市,2018,0,0,0
漳州市,2019,0,0,0
漳州市,2020,0,0,0
漳州市,2021,0,0,0
漳州市,2022,0,0,0
漳州市,2023,0,0,0
潍坊市,1990,0,0,0
潍坊市,1991,0,0,0
潍坊市,1992,0,0,0
潍坊市,1993,0,0,0
潍坊市,1994,0,0,0
潍坊市,1995,0,0,0
潍坊市,1996,0,0,0
潍坊市,1997,0,0,0
潍坊市,1998,0,0,0
潍坊市,1999,0,0,0
潍坊市,2000,0,0,0
潍坊市,2001,0,0,0
潍坊市,2002,0,0,0
潍坊市,2003,0,0,0
潍坊市,2004,0,0,0
潍坊市,2005,0,0,0
潍坊市,2006,0,0,0
潍坊市,2007,0,0,0
潍坊市,2008,0,0,0
潍坊市,2009,0,0,0
潍坊市,2010,0,0,0
潍坊市,2011,0,0,0
潍坊市,2012,0,0,0
潍坊市,2013,0,0,0
潍坊市,2014,0,0,0
潍坊市,2015,0,0,0
潍坊市,2016,0,0,0
潍坊市,2017,0,0,0
潍坊市,2018,0,0,0
潍坊市,2019,0,0,0
潍坊市,2020,0,0,0
潍坊市,2021,0,0,0
潍坊市,2022,0,0,0
潍坊市,2023,0,0,0
潮州市,1990,0,0,0
潮州市,1991,0,0,0
潮州市,1992,0,0,0
潮州市,1993,0,0,0
潮州市,1994,0,0,0
潮州市,1995,0,0,0
潮州市,1996,0,0,0
潮州市,1997,0,0,0
潮州市,1998,0,0,0
潮州市,1999,0,0,0
潮州市,2000,0,0,0
潮州市,2001,0,0,0
潮州市,2002,0,0,0
潮州市,2003,0,0,0
潮州市,2004,0,0,0
潮州市,2005,0,0,0
潮州市,2006,0,0,0
潮州市,2007,0,0,0
潮州市,2008,0,0,0
潮州市,2009,0,0,0
潮州市,2010,0,0,0
潮州市,2011,0,0,0
潮州市,2012,0,0,0
潮州市,2013,0,0,0
潮州市,2014,0,0,0
潮州市,2015,0,0,0
潮州市,2016,0,0,0
潮州市,2017,0,0,0
潮州市,2018,0,0,0
潮州市,2019,0,0,0
潮州市,2020,0,0,0
潮州市,2021,0,0,0
潮州市,2022,0,0,0
潮州市,2023,0,0,0
濮阳市,1990,0,0,0
濮阳市,1991,0,0,0
濮阳市,1992,0,0,0
濮阳市,1993,0,0,0
濮阳市,1994,0,0,0
濮阳市,1995,0,0,0
濮阳市,1996,0,0,0
濮阳市,1997,0,0,0
濮阳市,1998,0,0,0
濮阳市,1999,0,0,0
濮阳市,2000,0,0,0
濮阳市,2001,0,0,0
濮阳市,2002,0,0,0
濮阳市,2003,0,0,0
濮阳市,2004,0,0,0
濮阳市,2005,0,0,0
濮阳市,2006,0,0,0
濮阳市,2007,0,0,0
濮阳市,2008,0,0,0
濮阳市,2009,0,0,0
濮阳市,2010,0,0,0
濮阳市,2011,0,0,0
濮阳市,2012,0,0,0
濮阳市,2013,0,0,0
濮阳市,2014,0,0,0
濮阳市,2015,0,0,0
濮阳市,2016,0,0,0
濮阳市,2017,0,0,0
濮阳市,2018,0,0,0
濮阳市,2019,0,0,0
濮阳市,2020,0,0,0
濮阳市,2021,0,0,0
濮阳市,2022,0,0,0
濮阳市,2023,0,0,0
烟台市,1990,0,0,0
烟台市,1991,0,0,0
烟台市,1992,0,0,0
烟台市,1993,0,0,0
烟台市,1994,0,0,0
烟台市,1995,0,0,0
烟台市,1996,0,0,0
烟台市,1997,0,0,0
烟台市,1998,0,0,0
烟台市,1999,0,0,0
烟台市,2000,0,0,0
烟台市,2001,0,0,0
烟台市,2002,0,0,0
烟台市,2003,0,0,0
烟台市,2004,0,0,0
烟台市,2005,0,0,0
烟台市,2006,0,0,0
烟台市,2007,0,0,0
烟台市,2008,0,0,0
烟台市,2009,0,0,0
烟台市,2010,0,0,0
烟台市,2011,0,0,0
烟台市,2012,0,0,0
烟台市,2013,0,0,0
烟台市,2014,0,0,0
烟台市,2015,0,0,0
烟台市,2016,0,0,0
烟台市,2017,0,0,0
烟台市,2018,0,0,0
烟台市,2019,0,0,0
烟台市,2020,0,0,0
烟台市,2021,0,0,0
烟台市,2022,0,0,0
烟台市,2023,0,0,0
焦作市,1990,0,0,0
焦作市,1991,0,0,0
焦作市,1992,0,0,0
焦作市,1993,0,0,0
焦作市,1994,0,0,0
焦作市,1995,0,0,0
焦作市,1996,0,0,0
焦作市,1997,0,0,0
焦作市,1998,0,0,0
焦作市,1999,0,0,0
焦作市,2000,0,0,0
焦作市,2001,0,0,0
焦作市,2002,0,0,0
焦作市,2003,0,0,0
焦作市,2004,0,0,0
焦作市,2005,0,0,0
焦作市,2006,0,0,0
焦作市,2007,0,0,0
焦作市,2008,0,0,0
焦作市,2009,0,0,0
焦作市,2010,0,0,0
焦作市,2011,0,0,0
焦作市,2012,0,0,0
焦作市,2013,0,0,0
焦作市,2014,0,0,0
焦作市,2015,0,0,0
焦作市,2016,0,0,0
焦作市,2017,0,0,0
焦作市,2018,0,0,0
焦作市,2019,0,0,0
焦作市,2020,0,0,0
焦作市,2021,0,0,0
焦作市,2022,0,0,0
焦作市,2023,0,0,0
牡丹江市,1990,0,0,0
牡丹江市,1991,0,0,0
牡丹江市,1992,0,0,0
牡丹江市,1993,0,0,0
牡丹江市,1994,0,0,0
牡丹江市,1995,0,0,0
牡丹江市,1996,0,0,0
牡丹江市,1997,0,0,0
牡丹江市,1998,0,0,0
牡丹江市,1999,0,0,0
牡丹江市,2000,0,0,0
牡丹江市,2001,0,0,0
牡丹江市,2002,0,0,0
牡丹江市,2003,0,0,0
牡丹江市,2004,0,0,0
牡丹江市,2005,0,0,0
牡丹江市,2006,0,0,0
牡丹江市,2007,0,0,0
牡丹江市,2008,0,0,0
牡丹江市,2009,0,0,0
牡丹江市,2010,0,0,0
牡丹江市,2011,0,0,0
牡丹江市,2012,0,0,0
牡丹江市,2013,0,0,0
牡丹江市,2014,0,0,0
牡丹江市,2015,0,0,0
牡丹江市,2016,0,0,0
牡丹江市,2017,0,0,0
牡丹江市,2018,0,0,0
牡丹江市,2019,0,0,0
牡丹江市,2020,0,0,0
牡丹江市,2021,0,0,0
牡丹江市,2022,0,0,0
牡丹江市,2023,0,0,0
玉林市,1990,0,0,0
玉林市,1991,0,0,0
玉林市,1992,0,0,0
玉林市,1993,0,0,0
玉林市,1994,0,0,0
玉林市,1995,0,0,0
玉林市,1996,0,0,0
玉林市,1997,0,0,0
玉林市,1998,0,0,0
玉林市,1999,0,0,0
玉林市,2000,0,0,0
玉林市,2001,0,0,0
玉林市,2002,0,0,0
玉林市,2003,0,0,0
玉林市,2004,0,0,0
玉林市,2005,0,0,0
玉林市,2006,0,0,0
玉林市,2007,0,0,0
玉林市,2008,0,0,0
玉林市,2009,0,0,0
玉林市,2010,0,0,0
玉林市,2011,0,0,0
玉林市,2012,0,0,0
玉林市,2013,0,0,0
玉林市,2014,0,0,0
玉林市,2015,0,0,0
玉林市,2016,0,0,0
玉林市,2017,0,0,0
玉林市,2018,0,0,0
玉林市,2019,0,0,0
玉林市,2020,0,0,0
玉林市,2021,0,0,0
玉林市,2022,0,0,0
玉林市,2023,0,0,0
玉溪市,1990,0,2,2016
玉溪市,1991,0,2,2016
玉溪市,1992,0,2,2016
玉溪市,1993,0,2,2016
玉溪市,1994,0,2,2016
玉溪市,1995,0,2,2016
玉溪市,1996,0,2,2016
玉溪市,1997,0,2,2016
玉溪市,1998,0,2,2016
玉溪市,1999,0,2,2016
玉溪市,2000,0,2,2016
玉溪市,2001,0,2,2016
玉溪市,2002,0,2,2016
玉溪市,2003,0,2,2016
玉溪市,2004,0,2,2016
玉溪市,2005,0,2,2016
玉溪市,2006,0,2,2016
玉溪市,2007,0,2,2016
玉溪市,2008,0,2,2016
玉溪市,2009,0,2,2016
玉溪市,2010,0,2,2016
玉溪市,2011,0,2,2016
玉溪市,2012,0,2,2016
玉溪市,2013,0,2,2016
玉溪市,2014,0,2,2016
玉溪市,2015,0,2,2016
玉溪市,2016,1,2,2016
玉溪市,2017,1,2,2016
玉溪市,2018,1,2,2016
玉溪市,2019,1,2,2016
玉溪市,2020,1,2,2016
玉溪市,2021,1,2,2016
玉溪市,2022,1,2,2016
玉溪市,2023,1,2,2016
珠海市,1990,0,2,2016
珠海市,1991,0,2,2016
珠海市,1992,0,2,2016
珠海市,1993,0,2,2016
珠海市,1994,0,2,2016
珠海市,1995,0,2,2016
珠海市,1996,0,2,2016
珠海市,1997,0,2,2016
珠海市,1998,0,2,2016
珠海市,1999,0,2,2016
珠海市,2000,0,2,2016
珠海市,2001,0,2,2016
珠海市,2002,0,2,2016
珠海市,2003,0,2,2016
珠海市,2004,0,2,2016
珠海市,2005,0,2,2016
珠海市,2006,0,2,2016
珠海市,2007,0,2,2016
珠海市,2008,0,2,2016
珠海市,2009,0,2,2016
珠海市,2010,0,2,2016
珠海市,2011,0,2,2016
珠海市,2012,0,2,2016
珠海市,2013,0,2,2016
珠海市,2014,0,2,2016
珠海市,2015,0,2,2016
珠海市,2016,1,2,2016
珠海市,2017,1,2,2016
珠海市,2018,1,2,2016
珠海市,2019,1,2,2016
珠海市,2020,1,2,2016
珠海市,2021,1,2,2016
珠海市,2022,1,2,2016
珠海市,2023,1,2,2016
白城市,1990,0,1,2015
白城市,1991,0,1,2015
白城市,1992,0,1,2015
白城市,1993,0,1,2015
白城市,1994,0,1,2015
白城市,1995,0,1,2015
白城市,1996,0,1,2015
白城市,1997,0,1,2015
白城市,1998,0,1,2015
白城市,1999,0,1,2015
白城市,2000,0,1,2015
白城市,2001,0,1,2015
白城市,2002,0,1,2015
白城市,2003,0,1,2015
白城市,2004,0,1,2015
白城市,2005,0,1,2015
白城市,2006,0,1,2015
白城市,2007,0,1,2015
白城市,2008,0,1,2015
白城市,2009,0,1,2015
白城市,2010,0,1,2015
白城市,2011,0,1,2015
白城市,2012,0,1,2015
白城市,2013,0,1,2015
白城市,2014,0,1,2015
白城市,2015,1,1,2015
白城市,2016,1,1,2015
白城市,2017,1,1,2015
白城市,2018,1,1,2015
白城市,2019,1,1,2015
白城市,2020,1,1,2015
白城市,2021,1,1,2015
白城市,2022,1,1,2015
白城市,2023,1,1,2015
白山市,1990,0,0,0
白山市,1991,0,0,0
白山市,1992,0,0,0
白山市,1993,0,0,0
白山市,1994,0,0,0
白山市,1995,0,0,0
白山市,1996,0,0,0
白山市,1997,0,0,0
白山市,1998,0,0,0
白山市,1999,0,0,0
白山市,2000,0,0,0
白山市,2001,0,0,0
白山市,2002,0,0,0
白山市,2003,0,0,0
白山市,2004,0,0,0
白山市,2005,0,0,0
白山市,2006,0,0,0
白山市,2007,0,0,0
白山市,2008,0,0,0
白山市,2009,0,0,0
白山市,2010,0,0,0
白山市,2011,0,0,0
白山市,2012,0,0,0
白山市,2013,0,0,0
白山市,2014,0,0,0
白山市,2015,0,0,0
白山市,2016,0,0,0
白山市,2017,0,0,0
白山市,2018,0,0,0
白山市,2019,0,0,0
白山市,2020,0,0,0
白山市,2021,0,0,0
白山市,2022,0,0,0
白山市,2023,0,0,0
白银市,1990,0,0,0
白银市,1991,0,0,0
白银市,1992,0,0,0
白银市,1993,0,0,0
白银市,1994,0,0,0
白银市,1995,0,0,0
白银市,1996,0,0,0
白银市,1997,0,0,0
白银市,1998,0,0,0
白银市,1999,0,0,0
白银市,2000,0,0,0
白银市,2001,0,0,0
白银市,2002,0,0,0
白银市,2003,0,0,0
白银市,2004,0,0,0
白银市,2005,0,0,0
白银市,2006,0,0,0
白银市,2007,0,0,0
白银市,2008,0,0,0
白银市,2009,0,0,0
白银市,2010,0,0,0
白银市,2011,0,0,0
白银市,2012,0,0,0
白银市,2013,0,0,0
白银市,2014,0,0,0
白银市,2015,0,0,0
白银市,2016,0,0,0
白银市,2017,0,0,0
白银市,2018,0,0,0
白银市,2019,0,0,0
白银市,2020,0,0,0
白银市,2021,0,0,0
白银市,2022,0,0,0
白银市,2023,0,0,0
百色市,1990,0,0,0
百色市,1991,0,0,0
百色市,1992,0,0,0
百色市,1993,0,0,0
百色市,1994,0,0,0
百色市,1995,0,0,0
百色市,1996,0,0,0
百色市,1997,0,0,0
百色市,1998,0,0,0
百色市,1999,0,0,0
百色市,2000,0,0,0
百色市,2001,0,0,0
百色市,2002,0,0,0
百色市,2003,0,0,0
百色市,2004,0,0,0
百色市,2005,0,0,0
百色市,2006,0,0,0
百色市,2007,0,0,0
百色市,2008,0,0,0
百色市,2009,0,0,0
百色市,2010,0,0,0
百色市,2011,0,0,0
百色市,2012,0,0,0
百色市,2013,0,0,0
百色市,2014,0,0,0
百色市,2015,0,0,0
百色市,2016,0,0,0
百色市,2017,0,0,0
百色市,2018,0,0,0
百色市,2019,0,0,0
百色市,2020,0,0,0
百色市,2021,0,0,0
百色市,2022,0,0,0
百色市,2023,0,0,0
益阳市,1990,0,0,0
益阳市,1991,0,0,0
益阳市,1992,0,0,0
益阳市,1993,0,0,0
益阳市,1994,0,0,0
益阳市,1995,0,0,0
益阳市,1996,0,0,0
益阳市,1997,0,0,0
益阳市,1998,0,0,0
益阳市,1999,0,0,0
益阳市,2000,0,0,0
益阳市,2001,0,0,0
益阳市,2002,0,0,0
益阳市,2003,0,0,0
益阳市,2004,0,0,0
益阳市,2005,0,0,0
益阳市,2006,0,0,0
益阳市,2007,0,0,0
益阳市,2008,0,0,0
益阳市,2009,0,0,0
益阳市,2010,0,0,0
益阳市,2011,0,0,0
益阳市,2012,0,0,0
益阳市,2013,0,0,0
益阳市,2014,0,0,0
益阳市,2015,0,0,0
益阳市,2016,0,0,0
益阳市,2017,0,0,0
益阳市,2018,0,0,0
益阳市,2019,0,0,0
益阳市,2020,0,0,0
益阳市,2021,0,0,0
益阳市,2022,0,0,0
益阳市,2023,0,0,0
盐城市,1990,0,0,0
盐城市,1991,0,0,0
盐城市,1992,0,0,0
盐城市,1993,0,0,0
盐城市,1994,0,0,0
盐城市,1995,0,0,0
盐城市,1996,0,0,0
盐城市,1997,0,0,0
盐城市,1998,0,0,0
盐城市,1999,0,0,0
盐城市,2000,0,0,0
盐城市,2001,0,0,0
盐城市,2002,0,0,0
盐城市,2003,0,0,0
盐城市,2004,0,0,0
盐城市,2005,0,0,0
盐城市,2006,0,0,0
盐城市,2007,0,0,0
盐城市,2008,0,0,0
盐城市,2009,0,0,0
盐城市,2010,0,0,0
盐城市,2011,0,0,0
盐城市,2012,0,0,0
盐城市,2013,0,0,0
盐城市,2014,0,0,0
盐城市,2015,0,0,0
盐城市,2016,0,0,0
盐城市,2017,0,0,0
盐城市,2018,0,0,0
盐城市,2019,0,0,0
盐城市,2020,0,0,0
盐城市,2021,0,0,0
盐城市,2022,0,0,0
盐城市,2023,0,0,0
盘锦市,1990,0,0,0
盘锦市,1991,0,0,0
盘锦市,1992,0,0,0
盘锦市,1993,0,0,0
盘锦市,1994,0,0,0
盘锦市,1995,0,0,0
盘锦市,1996,0,0,0
盘锦市,1997,0,0,0
盘锦市,1998,0,0,0
盘锦市,1999,0,0,0
盘锦市,2000,0,0,0
盘锦市,2001,0,0,0
盘锦市,2002,0,0,0
盘锦市,2003,0,0,0
盘锦市,2004,0,0,0
盘锦市,2005,0,0,0
盘锦市,2006,0,0,0
盘锦市,2007,0,0,0
盘锦市,2008,0,0,0
盘锦市,2009,0,0,0
盘锦市,2010,0,0,0
盘锦市,2011,0,0,0
盘锦市,2012,0,0,0
盘锦市,2013,0,0,0
盘锦市,2014,0,0,0
盘锦市,2015,0,0,0
盘锦市,2016,0,0,0
盘锦市,2017,0,0,0
盘锦市,2018,0,0,0
盘锦市,2019,0,0,0
盘锦市,2020,0,0,0
盘锦市,2021,0,0,0
盘锦市,2022,0,0,0
盘锦市,2023,0,0,0
眉山市,1990,0,0,0
眉山市,1991,0,0,0
眉山市,1992,0,0,0
眉山市,1993,0,0,0
眉山市,1994,0,0,0
眉山市,1995,0,0,0
眉山市,1996,0,0,0
眉山市,1997,0,0,0
眉山市,1998,0,0,0
眉山市,1999,0,0,0
眉山市,2000,0,0,0
眉山市,2001,0,0,0
眉山市,2002,0,0,0
眉山市,2003,0,0,0
眉山市,2004,0,0,0
眉山市,2005,0,0,0
眉山市,2006,0,0,0
眉山市,2007,0,0,0
眉山市,2008,0,0,0
眉山市,2009,0,0,0
眉山市,2010,0,0,0
眉山市,2011,0,0,0
眉山市,2012,0,0,0
眉山市,2013,0,0,0
眉山市,2014,0,0,0
眉山市,2015,0,0,0
眉山市,2016,0,0,0
眉山市,2017,0,0,0
眉山市,2018,0,0,0
眉山市,2019,0,0,0
眉山市,2020,0,0,0
眉山市,2021,0,0,0
眉山市,2022,0,0,0
眉山市,2023,0,0,0
石嘴山市,1990,0,0,0
石嘴山市,1991,0,0,0
石嘴山市,1992,0,0,0
石嘴山市,1993,0,0,0
石嘴山市,1994,0,0,0
石嘴山市,1995,0,0,0
石嘴山市,1996,0,0,0
石嘴山市,1997,0,0,0
石嘴山市,1998,0,0,0
石嘴山市,1999,0,0,0
石嘴山市,2000,0,0,0
石嘴山市,2001,0,0,0
石嘴山市,2002,0,0,0
石嘴山市,2003,0,0,0
石嘴山市,2004,0,0,0
石嘴山市,2005,0,0,0
石嘴山市,2006,0,0,0
石嘴山市,2007,0,0,0
石嘴山市,2008,0,0,0
石嘴山市,2009,0,0,0
石嘴山市,2010,0,0,0
石嘴山市,2011,0,0,0
石嘴山市,2012,0,0,0
石嘴山市,2013,0,0,0
石嘴山市,2014,0,0,0
石嘴山市,2015,0,0,0
石嘴山市,2016,0,0,0
石嘴山市,2017,0,0,0
石嘴山市,2018,0,0,0
石嘴山市,2019,0,0,0
石嘴山市,2020,0,0,0
石嘴山市,2021,0,0,0
石嘴山市,2022,0,0,0
石嘴山市,2023,0,0,0
石家庄市,1990,0,0,0
石家庄市,1991,0,0,0
石家庄市,1992,0,0,0
石家庄市,1993,0,0,0
石家庄市,1994,0,0,0
石家庄市,1995,0,0,0
石家庄市,1996,0,0,0
石家庄市,1997,0,0,0
石家庄市,1998,0,0,0
石家庄市,1999,0,0,0
石家庄市,2000,0,0,0
石家庄市,2001,0,0,0
石家庄市,2002,0,0,0
石家庄市,2003,0,0,0
石家庄市,2004,0,0,0
石家庄市,2005,0,0,0
石家庄市,2006,0,0,0
石家庄市,2007,0,0,0
石家庄市,2008,0,0,0
石家庄市,2009,0,0,0
石家庄市,2010,0,0,0
石家庄市,2011,0,0,0
石家庄市,2012,0,0,0
石家庄市,2013,0,0,0
石家庄市,2014,0,0,0
石家庄市,2015,0,0,0
石家庄市,2016,0,0,0
石家庄市,2017,0,0,0
石家庄市,2018,0,0,0
石家庄市,2019,0,0,0
石家庄市,2020,0,0,0
石家庄市,2021,0,0,0
石家庄市,2022,0,0,0
石家庄市,2023,0,0,0
福州市,1990,0,2,2016
福州市,1991,0,2,2016
福州市,1992,0,2,2016
福州市,1993,0,2,2016
福州市,1994,0,2,2016
福州市,1995,0,2,2016
福州市,1996,0,2,2016
福州市,1997,0,2,2016
福州市,1998,0,2,2016
福州市,1999,0,2,2016
福州市,2000,0,2,2016
福州市,2001,0,2,2016
福州市,2002,0,2,2016
福州市,2003,0,2,2016
福州市,2004,0,2,2016
福州市,2005,0,2,2016
福州市,2006,0,2,2016
福州市,2007,0,2,2016
福州市,2008,0,2,2016
福州市,2009,0,2,2016
福州市,2010,0,2,2016
福州市,2011,0,2,2016
福州市,2012,0,2,2016
福州市,2013,0,2,2016
福州市,2014,0,2,2016
福州市,2015,0,2,2016
福州市,2016,1,2,2016
福州市,2017,1,2,2016
福州市,2018,1,2,2016
福州市,2019,1,2,2016
福州市,2020,1,2,2016
福州市,2021,1,2,2016
福州市,2022,1,2,2016
福州市,2023,1,2,2016
秦皇岛市,1990,0,0,0
秦皇岛市,1991,0,0,0
秦皇岛市,1992,0,0,0
秦皇岛市,1993,0,0,0
秦皇岛市,1994,0,0,0
秦皇岛市,1995,0,0,0
秦皇岛市,1996,0,0,0
秦皇岛市,1997,0,0,0
秦皇岛市,1998,0,0,0
秦皇岛市,1999,0,0,0
秦皇岛市,2000,0,0,0
秦皇岛市,2001,0,0,0
秦皇岛市,2002,0,0,0
秦皇岛市,2003,0,0,0
秦皇岛市,2004,0,0,0
秦皇岛市,2005,0,0,0
秦皇岛市,2006,0,0,0
秦皇岛市,2007,0,0,0
秦皇岛市,2008,0,0,0
秦皇岛市,2009,0,0,0
秦皇岛市,2010,0,0,0
秦皇岛市,2011,0,0,0
秦皇岛市,2012,0,0,0
秦皇岛市,2013,0,0,0
秦皇岛市,2014,0,0,0
秦皇岛市,2015,0,0,0
秦皇岛市,2016,0,0,0
秦皇岛市,2017,0,0,0
秦皇岛市,2018,0,0,0
秦皇岛市,2019,0,0,0
秦皇岛市,2020,0,0,0
秦皇岛市,2021,0,0,0
秦皇岛市,2022,0,0,0
秦皇岛市,2023,0,0,0
绍兴市,1990,0,0,0
绍兴市,1991,0,0,0
绍兴市,1992,0,0,0
绍兴市,1993,0,0,0
绍兴市,1994,0,0,0
绍兴市,1995,0,0,0
绍兴市,1996,0,0,0
绍兴市,1997,0,0,0
绍兴市,1998,0,0,0
绍兴市,1999,0,0,0
绍兴市,2000,0,0,0
绍兴市,2001,0,0,0
绍兴市,2002,0,0,0
绍兴市,2003,0,0,0
绍兴市,2004,0,0,0
绍兴市,2005,0,0,0
绍兴市,2006,0,0,0
绍兴市,2007,0,0,0
绍兴市,2008,0,0,0
绍兴市,2009,0,0,0
绍兴市,2010,0,0,0
绍兴市,2011,0,0,0
绍兴市,2012,0,0,0
绍兴市,2013,0,0,0
绍兴市,2014,0,0,0
绍兴市,2015,0,0,0
绍兴市,2016,0,0,0
绍兴市,2017,0,0,0
绍兴市,2018,0,0,0
绍兴市,2019,0,0,0
绍兴市,2020,0,0,0
绍兴市,2021,0,0,0
绍兴市,2022,0,0,0
绍兴市,2023,0,0,0
绥化市,1990,0,0,0
绥化市,1991,0,0,0
绥化市,1992,0,0,0
绥化市,1993,0,0,0
绥化市,1994,0,0,0
绥化市,1995,0,0,0
绥化市,1996,0,0,0
绥化市,1997,0,0,0
绥化市,1998,0,0,0
绥化市,1999,0,0,0
绥化市,2000,0,0,0
绥化市,2001,0,0,0
绥化市,2002,0,0,0
绥化市,2003,0,0,0
绥化市,2004,0,0,0
绥化市,2005,0,0,0
绥化市,2006,0,0,0
绥化市,2007,0,0,0
绥化市,2008,0,0,0
绥化市,2009,0,0,0
绥化市,2010,0,0,0
绥化市,2011,0,0,0
绥化市,2012,0,0,0
绥化市,2013,0,0,0
绥化市,2014,0,0,0
绥化市,2015,0,0,0
绥化市,2016,0,0,0
绥化市,2017,0,0,0
绥化市,2018,0,0,0
绥化市,2019,0,0,0
绥化市,2020,0,0,0
绥化市,2021,0,0,0
绥化市,2022,0,0,0
绥化市,2023,0,0,0
绵阳市,1990,0,0,0
绵阳市,1991,0,0,0
绵阳市,1992,0,0,0
绵阳市,1993,0,0,0
绵阳市,1994,0,0,0
绵阳市,1995,0,0,0
绵阳市,1996,0,0,0
绵阳市,1997,0,0,0
绵阳市,1998,0,0,0
绵阳市,1999,0,0,0
绵阳市,2000,0,0,0
绵阳市,2001,0,0,0
绵阳市,2002,0,0,0
绵阳市,2003,0,0,0
绵阳市,2004,0,0,0
绵阳市,2005,0,0,0
绵阳市,2006,0,0,0
绵阳市,2007,0,0,0
绵阳市,2008,0,0,0
绵阳市,2009,0,0,0
绵阳市,2010,0,0,0
绵阳市,2011,0,0,0
绵阳市,2012,0,0,0
绵阳市,2013,0,0,0
绵阳市,2014,0,0,0
绵阳市,2015,0,0,0
绵阳市,2016,0,0,0
绵阳市,2017,0,0,0
绵阳市,2018,0,0,0
绵阳市,2019,0,0,0
绵阳市,2020,0,0,0
绵阳市,2021,0,0,0
绵阳市,2022,0,0,0
绵阳市,2023,0,0,0
聊城市,1990,0,0,0
聊城市,1991,0,0,0
聊城市,1992,0,0,0
聊城市,1993,0,0,0
聊城市,1994,0,0,0
聊城市,1995,0,0,0
聊城市,1996,0,0,0
聊城市,1997,0,0,0
聊城市,1998,0,0,0
聊城市,1999,0,0,0
聊城市,2000,0,0,0
聊城市,2001,0,0,0
聊城市,2002,0,0,0
聊城市,2003,0,0,0
聊城市,2004,0,0,0
聊城市,2005,0,0,0
聊城市,2006,0,0,0
聊城市,2007,0,0,0
聊城市,2008,0,0,0
聊城市,2009,0,0,0
聊城市,2010,0,0,0
聊城市,2011,0,0,0
聊城市,2012,0,0,0
聊城市,2013,0,0,0
聊城市,2014,0,0,0
聊城市,2015,0,0,0
聊城市,2016,0,0,0
聊城市,2017,0,0,0
聊城市,2018,0,0,0
聊城市,2019,0,0,0
聊城市,2020,0,0,0
聊城市,2021,0,0,0
聊城市,2022,0,0,0
聊城市,2023,0,0,0
肇庆市,1990,0,0,0
肇庆市,1991,0,0,0
肇庆市,1992,0,0,0
肇庆市,1993,0,0,0
肇庆市,1994,0,0,0
肇庆市,1995,0,0,0
肇庆市,1996,0,0,0
肇庆市,1997,0,0,0
肇庆市,1998,0,0,0
肇庆市,1999,0,0,0
肇庆市,2000,0,0,0
肇庆市,2001,0,0,0
肇庆市,2002,0,0,0
肇庆市,2003,0,0,0
肇庆市,2004,0,0,0
肇庆市,2005,0,0,0
肇庆市,2006,0,0,0
肇庆市,2007,0,0,0
肇庆市,2008,0,0,0
肇庆市,2009,0,0,0
肇庆市,2010,0,0,0
肇庆市,2011,0,0,0
肇庆市,2012,0,0,0
肇庆市,2013,0,0,0
肇庆市,2014,0,0,0
肇庆市,2015,0,0,0
肇庆市,2016,0,0,0
肇庆市,2017,0,0,0
肇庆市,2018,0,0,0
肇庆市,2019,0,0,0
肇庆市,2020,0,0,0
肇庆市,2021,0,0,0
肇庆市,2022,0,0,0
肇庆市,2023,0,0,0
自贡市,1990,0,0,0
自贡市,1991,0,0,0
自贡市,1992,0,0,0
自贡市,1993,0,0,0
自贡市,1994,0,0,0
自贡市,1995,0,0,0
自贡市,1996,0,0,0
自贡市,1997,0,0,0
自贡市,1998,0,0,0
自贡市,1999,0,0,0
自贡市,2000,0,0,0
自贡市,2001,0,0,0
自贡市,2002,0,0,0
自贡市,2003,0,0,0
自贡市,2004,0,0,0
自贡市,2005,0,0,0
自贡市,2006,0,0,0
自贡市,2007,0,0,0
自贡市,2008,0,0,0
自贡市,2009,0,0,0
自贡市,2010,0,0,0
自贡市,2011,0,0,0
自贡市,2012,0,0,0
自贡市,2013,0,0,0
自贡市,2014,0,0,0
自贡市,2015,0,0,0
自贡市,2016,0,0,0
自贡市,2017,0,0,0
自贡市,2018,0,0,0
自贡市,2019,0,0,0
自贡市,2020,0,0,0
自贡市,2021,0,0,0
自贡市,2022,0,0,0
自贡市,2023,0,0,0
舟山市,1990,0,0,0
舟山市,1991,0,0,0
舟山市,1992,0,0,0
舟山市,1993,0,0,0
舟山市,1994,0,0,0
舟山市,1995,0,0,0
舟山市,1996,0,0,0
舟山市,1997,0,0,0
舟山市,1998,0,0,0
舟山市,1999,0,0,0
舟山市,2000,0,0,0
舟山市,2001,0,0,0
舟山市,2002,0,0,0
舟山市,2003,0,0,0
舟山市,2004,0,0,0
舟山市,2005,0,0,0
舟山市,2006,0,0,0
舟山市,2007,0,0,0
舟山市,2008,0,0,0
舟山市,2009,0,0,0
舟山市,2010,0,0,0
舟山市,2011,0,0,0
舟山市,2012,0,0,0
舟山市,2013,0,0,0
舟山市,2014,0,0,0
舟山市,2015,0,0,0
舟山市,2016,0,0,0
舟山市,2017,0,0,0
舟山市,2018,0,0,0
舟山市,2019,0,0,0
舟山市,2020,0,0,0
舟山市,2021,0,0,0
舟山市,2022,0,0,0
舟山市,2023,0,0,0
芜湖市,1990,0,0,0
芜湖市,1991,0,0,0
芜湖市,1992,0,0,0
芜湖市,1993,0,0,0
芜湖市,1994,0,0,0
芜湖市,1995,0,0,0
芜湖市,1996,0,0,0
芜湖市,1997,0,0,0
芜湖市,1998,0,0,0
芜湖市,1999,0,0,0
芜湖市,2000,0,0,0
芜湖市,2001,0,0,0
芜湖市,2002,0,0,0
芜湖市,2003,0,0,0
芜湖市,2004,0,0,0
芜湖市,2005,0,0,0
芜湖市,2006,0,0,0
芜湖市,2007,0,0,0
芜湖市,2008,0,0,0
芜湖市,2009,0,0,0
芜湖市,2010,0,0,0
芜湖市,2011,0,0,0
芜湖市,2012,0,0,0
芜湖市,2013,0,0,0
芜湖市,2014,0,0,0
芜湖市,2015,0,0,0
芜湖市,2016,0,0,0
芜湖市,2017,0,0,0
芜湖市,2018,0,0,0
芜湖市,2019,0,0,0
芜湖市,2020,0,0,0
芜湖市,2021,0,0,0
芜湖市,2022,0,0,0
芜湖市,2023,0,0,0
苏州市,1990,0,0,0
苏州市,1991,0,0,0
苏州市,1992,0,0,0
苏州市,1993,0,0,0
苏州市,1994,0,0,0
苏州市,1995,0,0,0
苏州市,1996,0,0,0
苏州市,1997,0,0,0
苏州市,1998,0,0,0
苏州市,1999,0,0,0
苏州市,2000,0,0,0
苏州市,2001,0,0,0
苏州市,2002,0,0,0
苏州市,2003,0,0,0
苏州市,2004,0,0,0
苏州市,2005,0,0,0
苏州市,2006,0,0,0
苏州市,2007,0,0,0
苏州市,2008,0,0,0
苏州市,2009,0,0,0
苏州市,2010,0,0,0
苏州市,2011,0,0,0
苏州市,2012,0,0,0
苏州市,2013,0,0,0
苏州市,2014,0,0,0
苏州市,2015,0,0,0
苏州市,2016,0,0,0
苏州市,2017,0,0,0
苏州市,2018,0,0,0
苏州市,2019,0,0,0
苏州市,2020,0,0,0
苏州市,2021,0,0,0
苏州市,2022,0,0,0
苏州市,2023,0,0,0
茂名市,1990,0,0,0
茂名市,1991,0,0,0
茂名市,1992,0,0,0
茂名市,1993,0,0,0
茂名市,1994,0,0,0
茂名市,1995,0,0,0
茂名市,1996,0,0,0
茂名市,1997,0,0,0
茂名市,1998,0,0,0
茂名市,1999,0,0,0
茂名市,2000,0,0,0
茂名市,2001,0,0,0
茂名市,2002,0,0,0
茂名市,2003,0,0,0
茂名市,2004,0,0,0
茂名市,2005,0,0,0
茂名市,2006,0,0,0
茂名市,2007,0,0,0
茂名市,2008,0,0,0
茂名市,2009,0,0,0
茂名市,2010,0,0,0
茂名市,2011,0,0,0
茂名市,2012,0,0,0
茂名市,2013,0,0,0
茂名市,2014,0,0,0
茂名市,2015,0,0,0
茂名市,2016,0,0,0
茂名市,2017,0,0,0
茂名市,2018,0,0,0
茂名市,2019,0,0,0
茂名市,2020,0,0,0
茂名市,2021,0,0,0
茂名市,2022,0,0,0
茂名市,2023,0,0,0
荆州市,1990,0,0,0
荆州市,1991,0,0,0
荆州市,1992,0,0,0
荆州市,1993,0,0,0
荆州市,1994,0,0,0
荆州市,1995,0,0,0
荆州市,1996,0,0,0
荆州市,1997,0,0,0
荆州市,1998,0,0,0
荆州市,1999,0,0,0
荆州市,2000,0,0,0
荆州市,2001,0,0,0
荆州市,2002,0,0,0
荆州市,2003,0,0,0
荆州市,2004,0,0,0
荆州市,2005,0,0,0
荆州市,2006,0,0,0
荆州市,2007,0,0,0
荆州市,2008,0,0,0
荆州市,2009,0,0,0
荆州市,2010,0,0,0
荆州市,2011,0,0,0
荆州市,2012,0,0,0
荆州市,2013,0,0,0
荆州市,2014,0,0,0
荆州市,2015,0,0,0
荆州市,2016,0,0,0
荆州市,2017,0,0,0
荆州市,2018,0,0,0
荆州市,2019,0,0,0
荆州市,2020,0,0,0
荆州市,2021,0,0,0
荆州市,2022,0,0,0
荆州市,2023,0,0,0
荆门市,1990,0,0,0
荆门市,1991,0,0,0
荆门市,1992,0,0,0
荆门市,1993,0,0,0
荆门市,1994,0,0,0
荆门市,1995,0,0,0
荆门市,1996,0,0,0
荆门市,1997,0,0,0
荆门市,1998,0,0,0
荆门市,1999,0,0,0
荆门市,2000,0,0,0
荆门市,2001,0,0,0
荆门市,2002,0,0,0
荆门市,2003,0,0,0
荆门市,2004,0,0,0
荆门市,2005,0,0,0
荆门市,2006,0,0,0
荆门市,2007,0,0,0
荆门市,2008,0,0,0
荆门市,2009,0,0,0
荆门市,2010,0,0,0
荆门市,2011,0,0,0
荆门市,2012,0,0,0
荆门市,2013,0,0,0
荆门市,2014,0,0,0
荆门市,2015,0,0,0
荆门市,2016,0,0,0
荆门市,2017,0,0,0
荆门市,2018,0,0,0
荆门市,2019,0,0,0
荆门市,2020,0,0,0
荆门市,2021,0,0,0
荆门市,2022,0,0,0
荆门市,2023,0,0,0
莆田市,1990,0,0,0
莆田市,1991,0,0,0
莆田市,1992,0,0,0
莆田市,1993,0,0,0
莆田市,1994,0,0,0
莆田市,1995,0,0,0
莆田市,1996,0,0,0
莆田市,1997,0,0,0
莆田市,1998,0,0,0
莆田市,1999,0,0,0
莆田市,2000,0,0,0
莆田市,2001,0,0,0
莆田市,2002,0,0,0
莆田市,2003,0,0,0
莆田市,2004,0,0,0
莆田市,2005,0,0,0
莆田市,2006,0,0,0
莆田市,2007,0,0,0
莆田市,2008,0,0,0
莆田市,2009,0,0,0
莆田市,2010,0,0,0
莆田市,2011,0,0,0
莆田市,2012,0,0,0
莆田市,2013,0,0,0
莆田市,2014,0,0,0
莆田市,2015,0,0,0
莆田市,2016,0,0,0
莆田市,2017,0,0,0
莆田市,2018,0,0,0
莆田市,2019,0,0,0
莆田市,2020,0,0,0
莆田市,2021,0,0,0
莆田市,2022,0,0,0
莆田市,2023,0,0,0
莱芜市,1990,0,0,0
莱芜市,1991,0,0,0
莱芜市,1992,0,0,0
莱芜市,1993,0,0,0
莱芜市,1994,0,0,0
莱芜市,1995,0,0,0
莱芜市,1996,0,0,0
莱芜市,1997,0,0,0
莱芜市,1998,0,0,0
莱芜市,1999,0,0,0
莱芜市,2000,0,0,0
莱芜市,2001,0,0,0
莱芜市,2002,0,0,0
莱芜市,2003,0,0,0
莱芜市,2004,0,0,0
莱芜市,2005,0,0,0
莱芜市,2006,0,0,0
莱芜市,2007,0,0,0
莱芜市,2008,0,0,0
莱芜市,2009,0,0,0
莱芜市,2010,0,0,0
莱芜市,2011,0,0,0
莱芜市,2012,0,0,0
莱芜市,2013,0,0,0
莱芜市,2014,0,0,0
莱芜市,2015,0,0,0
莱芜市,2016,0,0,0
莱芜市,2017,0,0,0
莱芜市,2018,0,0,0
莱芜市,2019,0,0,0
莱芜市,2020,0,0,0
莱芜市,2021,0,0,0
莱芜市,2022,0,0,0
莱芜市,2023,0,0,0
菏泽市,1990,0,0,0
菏泽市,1991,0,0,0
菏泽市,1992,0,0,0
菏泽市,1993,0,0,0
菏泽市,1994,0,0,0
菏泽市,1995,0,0,0
菏泽市,1996,0,0,0
菏泽市,1997,0,0,0
菏泽市,1998,0,0,0
菏泽市,1999,0,0,0
菏泽市,2000,0,0,0
菏泽市,2001,0,0,0
菏泽市,2002,0,0,0
菏泽市,2003,0,0,0
菏泽市,2004,0,0,0
菏泽市,2005,0,0,0
菏泽市,2006,0,0,0
菏泽市,2007,0,0,0
菏泽市,2008,0,0,0
菏泽市,2009,0,0,0
菏泽市,2010,0,0,0
菏泽市,2011,0,0,0
菏泽市,2012,0,0,0
菏泽市,2013,0,0,0
菏泽市,2014,0,0,0
菏泽市,2015,0,0,0
菏泽市,2016,0,0,0
菏泽市,2017,0,0,0
菏泽市,2018,0,0,0
菏泽市,2019,0,0,0
菏泽市,2020,0,0,0
菏泽市,2021,0,0,0
菏泽市,2022,0,0,0
菏泽市,2023,0,0,0
萍乡市,1990,0,1,2015
萍乡市,1991,0,1,2015
萍乡市,1992,0,1,2015
萍乡市,1993,0,1,2015
萍乡市,1994,0,1,2015
萍乡市,1995,0,1,2015
萍乡市,1996,0,1,2015
萍乡市,1997,0,1,2015
萍乡市,1998,0,1,2015
萍乡市,1999,0,1,2015
萍乡市,2000,0,1,2015
萍乡市,2001,0,1,2015
萍乡市,2002,0,1,2015
萍乡市,2003,0,1,2015
萍乡市,2004,0,1,2015
萍乡市,2005,0,1,2015
萍乡市,2006,0,1,2015
萍乡市,2007,0,1,2015
萍乡市,2008,0,1,2015
萍乡市,2009,0,1,2015
萍乡市,2010,0,1,2015
萍乡市,2011,0,1,2015
萍乡市,2012,0,1,2015
萍乡市,2013,0,1,2015
萍乡市,2014,0,1,2015
萍乡市,2015,1,1,2015
萍乡市,2016,1,1,2015
萍乡市,2017,1,1,2015
萍乡市,2018,1,1,2015
萍乡市,2019,1,1,2015
萍乡市,2020,1,1,2015
萍乡市,2021,1,1,2015
萍乡市,2022,1,1,2015
萍乡市,2023,1,1,2015
营口市,1990,0,0,0
营口市,1991,0,0,0
营口市,1992,0,0,0
营口市,1993,0,0,0
营口市,1994,0,0,0
营口市,1995,0,0,0
营口市,1996,0,0,0
营口市,1997,0,0,0
营口市,1998,0,0,0
营口市,1999,0,0,0
营口市,2000,0,0,0
营口市,2001,0,0,0
营口市,2002,0,0,0
营口市,2003,0,0,0
营口市,2004,0,0,0
营口市,2005,0,0,0
营口市,2006,0,0,0
营口市,2007,0,0,0
营口市,2008,0,0,0
营口市,2009,0,0,0
营口市,2010,0,0,0
营口市,2011,0,0,0
营口市,2012,0,0,0
营口市,2013,0,0,0
营口市,2014,0,0,0
营口市,2015,0,0,0
营口市,2016,0,0,0
营口市,2017,0,0,0
营口市,2018,0,0,0
营口市,2019,0,0,0
营口市,2020,0,0,0
营口市,2021,0,0,0
营口市,2022,0,0,0
营口市,2023,0,0,0
葫芦岛市,1990,0,0,0
葫芦岛市,1991,0,0,0
葫芦岛市,1992,0,0,0
葫芦岛市,1993,0,0,0
葫芦岛市,1994,0,0,0
葫芦岛市,1995,0,0,0
葫芦岛市,1996,0,0,0
葫芦岛市,1997,0,0,0
葫芦岛市,1998,0,0,0
葫芦岛市,1999,0,0,0
葫芦岛市,2000,0,0,0
葫芦岛市,2001,0,0,0
葫芦岛市,2002,0,0,0
葫芦岛市,2003,0,0,0
葫芦岛市,2004,0,0,0
葫芦岛市,2005,0,0,0
葫芦岛市,2006,0,0,0
葫芦岛市,2007,0,0,0
葫芦岛市,2008,0,0,0
葫芦岛市,2009,0,0,0
葫芦岛市,2010,0,0,0
葫芦岛市,2011,0,0,0
葫芦岛市,2012,0,0,0
葫芦岛市,2013,0,0,0
葫芦岛市,2014,0,0,0
葫芦岛市,2015,0,0,0
葫芦岛市,2016,0,0,0
葫芦岛市,2017,0,0,0
葫芦岛市,2018,0,0,0
葫芦岛市,2019,0,0,0
葫芦岛市,2020,0,0,0
葫芦岛市,2021,0,0,0
葫芦岛市,2022,0,0,0
葫芦岛市,2023,0,0,0
蚌埠市,1990,0,0,0
蚌埠市,1991,0,0,0
蚌埠市,1992,0,0,0
蚌埠市,1993,0,0,0
蚌埠市,1994,0,0,0
蚌埠市,1995,0,0,0
蚌埠市,1996,0,0,0
蚌埠市,1997,0,0,0
蚌埠市,1998,0,0,0
蚌埠市,1999,0,0,0
蚌埠市,2000,0,0,0
蚌埠市,2001,0,0,0
蚌埠市,2002,0,0,0
蚌埠市,2003,0,0,0
蚌埠市,2004,0,0,0
蚌埠市,2005,0,0,0
蚌埠市,2006,0,0,0
蚌埠市,2007,0,0,0
蚌埠市,2008,0,0,0
蚌埠市,2009,0,0,0
蚌埠市,2010,0,0,0
蚌埠市,2011,0,0,0
蚌埠市,2012,0,0,0
蚌埠市,2013,0,0,0
蚌埠市,2014,0,0,0
蚌埠市,2015,0,0,0
蚌埠市,2016,0,0,0
蚌埠市,2017,0,0,0
蚌埠市,2018,0,0,0
蚌埠市,2019,0,0,0
蚌埠市,2020,0,0,0
蚌埠市,2021,0,0,0
蚌埠市,2022,0,0,0
蚌埠市,2023,0,0,0
衡水市,1990,0,0,0
衡水市,1991,0,0,0
衡水市,1992,0,0,0
衡水市,1993,0,0,0
衡水市,1994,0,0,0
衡水市,1995,0,0,0
衡水市,1996,0,0,0
衡水市,1997,0,0,0
衡水市,1998,0,0,0
衡水市,1999,0,0,0
衡水市,2000,0,0,0
衡水市,2001,0,0,0
衡水市,2002,0,0,0
衡水市,2003,0,0,0
衡水市,2004,0,0,0
衡水市,2005,0,0,0
衡水市,2006,0,0,0
衡水市,2007,0,0,0
衡水市,2008,0,0,0
衡水市,2009,0,0,0
衡水市,2010,0,0,0
衡水市,2011,0,0,0
衡水市,2012,0,0,0
衡水市,2013,0,0,0
衡水市,2014,0,0,0
衡水市,2015,0,0,0
衡水市,2016,0,0,0
衡水市,2017,0,0,0
衡水市,2018,0,0,0
衡水市,2019,0,0,0
衡水市,2020,0,0,0
衡水市,2021,0,0,0
衡水市,2022,0,0,0
衡水市,2023,0,0,0
衡阳市,1990,0,0,0
衡阳市,1991,0,0,0
衡阳市,1992,0,0,0
衡阳市,1993,0,0,0
衡阳市,1994,0,0,0
衡阳市,1995,0,0,0
衡阳市,1996,0,0,0
衡阳市,1997,0,0,0
衡阳市,1998,0,0,0
衡阳市,1999,0,0,0
衡阳市,2000,0,0,0
衡阳市,2001,0,0,0
衡阳市,2002,0,0,0
衡阳市,2003,0,0,0
衡阳市,2004,0,0,0
衡阳市,2005,0,0,0
衡阳市,2006,0,0,0
衡阳市,2007,0,0,0
衡阳市,2008,0,0,0
衡阳市,2009,0,0,0
衡阳市,2010,0,0,0
衡阳市,2011,0,0,0
衡阳市,2012,0,0,0
衡阳市,2013,0,0,0
衡阳市,2014,0,0,0
衡阳市,2015,0,0,0
衡阳市,2016,0,0,0
衡阳市,2017,0,0,0
衡阳市,2018,0,0,0
衡阳市,2019,0,0,0
衡阳市,2020,0,0,0
衡阳市,2021,0,0,0
衡阳市,2022,0,0,0
衡阳市,2023,0,0,0
衢州市,1990,0,0,0
衢州市,1991,0,0,0
衢州市,1992,0,0,0
衢州市,1993,0,0,0
衢州市,1994,0,0,0
衢州市,1995,0,0,0
衢州市,1996,0,0,0
衢州市,1997,0,0,0
衢州市,1998,0,0,0
衢州市,1999,0,0,0
衢州市,2000,0,0,0
衢州市,2001,0,0,0
衢州市,2002,0,0,0
衢州市,2003,0,0,0
衢州市,2004,0,0,0
衢州市,2005,0,0,0
衢州市,2006,0,0,0
衢州市,2007,0,0,0
衢州市,2008,0,0,0
衢州市,2009,0,0,0
衢州市,2010,0,0,0
衢州市,2011,0,0,0
衢州市,2012,0,0,0
衢州市,2013,0,0,0
衢州市,2014,0,0,0
衢州市,2015,0,0,0
衢州市,2016,0,0,0
衢州市,2017,0,0,0
衢州市,2018,0,0,0
衢州市,2019,0,0,0
衢州市,2020,0,0,0
衢州市,2021,0,0,0
衢州市,2022,0,0,0
衢州市,2023,0,0,0
襄阳市,1990,0,0,0
襄阳市,1991,0,0,0
襄阳市,1992,0,0,0
襄阳市,1993,0,0,0
襄阳市,1994,0,0,0
襄阳市,1995,0,0,0
襄阳市,1996,0,0,0
襄阳市,1997,0,0,0
襄阳市,1998,0,0,0
襄阳市,1999,0,0,0
襄阳市,2000,0,0,0
襄阳市,2001,0,0,0
襄阳市,2002,0,0,0
襄阳市,2003,0,0,0
襄阳市,2004,0,0,0
襄阳市,2005,0,0,0
襄阳市,2006,0,0,0
襄阳市,2007,0,0,0
襄阳市,2008,0,0,0
襄阳市,2009,0,0,0
襄阳市,2010,0,0,0
襄阳市,2011,0,0,0
襄阳市,2012,0,0,0
襄阳市,2013,0,0,0
襄阳市,2014,0,0,0
襄阳市,2015,0,0,0
襄阳市,2016,0,0,0
襄阳市,2017,0,0,0
襄阳市,2018,0,0,0
襄阳市,2019,0,0,0
襄阳市,2020,0,0,0
襄阳市,2021,0,0,0
襄阳市,2022,0,0,0
襄阳市,2023,0,0,0
西宁市,1990,0,2,2016
西宁市,1991,0,2,2016
西宁市,1992,0,2,2016
西宁市,1993,0,2,2016
西宁市,1994,0,2,2016
西宁市,1995,0,2,2016
西宁市,1996,0,2,2016
西宁市,1997,0,2,2016
西宁市,1998,0,2,2016
西宁市,1999,0,2,2016
西宁市,2000,0,2,2016
西宁市,2001,0,2,2016
西宁市,2002,0,2,2016
西宁市,2003,0,2,2016
西宁市,2004,0,2,2016
西宁市,2005,0,2,2016
西宁市,2006,0,2,2016
西宁市,2007,0,2,2016
西宁市,2008,0,2,2016
西宁市,2009,0,2,2016
西宁市,2010,0,2,2016
西宁市,2011,0,2,2016
西宁市,2012,0,2,2016
西宁市,2013,0,2,2016
西宁市,2014,0,2,2016
西宁市,2015,0,2,2016
西宁市,2016,1,2,2016
西宁市,2017,1,2,2016
西宁市,2018,1,2,2016
西宁市,2019,1,2,2016
西宁市,2020,1,2,2016
西宁市,2021,1,2,2016
西宁市,2022,1,2,2016
西宁市,2023,1,2,2016
西安市,1990,0,0,0
西安市,1991,0,0,0
西安市,1992,0,0,0
西安市,1993,0,0,0
西安市,1994,0,0,0
西安市,1995,0,0,0
西安市,1996,0,0,0
西安市,1997,0,0,0
西安市,1998,0,0,0
西安市,1999,0,0,0
西安市,2000,0,0,0
西安市,2001,0,0,0
西安市,2002,0,0,0
西安市,2003,0,0,0
西安市,2004,0,0,0
西安市,2005,0,0,0
西安市,2006,0,0,0
西安市,2007,0,0,0
西安市,2008,0,0,0
西安市,2009,0,0,0
西安市,2010,0,0,0
西安市,2011,0,0,0
西安市,2012,0,0,0
西安市,2013,0,0,0
西安市,2014,0,0,0
西安市,2015,0,0,0
西安市,2016,0,0,0
西安市,2017,0,0,0
西安市,2018,0,0,0
西安市,2019,0,0,0
西安市,2020,0,0,0
西安市,2021,0,0,0
西安市,2022,0,0,0
西安市,2023,0,0,0
许昌市,1990,0,0,0
许昌市,1991,0,0,0
许昌市,1992,0,0,0
许昌市,1993,0,0,0
许昌市,1994,0,0,0
许昌市,1995,0,0,0
许昌市,1996,0,0,0
许昌市,1997,0,0,0
许昌市,1998,0,0,0
许昌市,1999,0,0,0
许昌市,2000,0,0,0
许昌市,2001,0,0,0
许昌市,2002,0,0,0
许昌市,2003,0,0,0
许昌市,2004,0,0,0
许昌市,2005,0,0,0
许昌市,2006,0,0,0
许昌市,2007,0,0,0
许昌市,2008,0,0,0
许昌市,2009,0,0,0
许昌市,2010,0,0,0
许昌市,2011,0,0,0
许昌市,2012,0,0,0
许昌市,2013,0,0,0
许昌市,2014,0,0,0
许昌市,2015,0,0,0
许昌市,2016,0,0,0
许昌市,2017,0,0,0
许昌市,2018,0,0,0
许昌市,2019,0,0,0
许昌市,2020,0,0,0
许昌市,2021,0,0,0
许昌市,2022,0,0,0
许昌市,2023,0,0,0
贵港市,1990,0,0,0
贵港市,1991,0,0,0
贵港市,1992,0,0,0
贵港市,1993,0,0,0
贵港市,1994,0,0,0
贵港市,1995,0,0,0
贵港市,1996,0,0,0
贵港市,1997,0,0,0
贵港市,1998,0,0,0
贵港市,1999,0,0,0
贵港市,2000,0,0,0
贵港市,2001,0,0,0
贵港市,2002,0,0,0
贵港市,2003,0,0,0
贵港市,2004,0,0,0
贵港市,2005,0,0,0
贵港市,2006,0,0,0
贵港市,2007,0,0,0
贵港市,2008,0,0,0
贵港市,2009,0,0,0
贵港市,2010,0,0,0
贵港市,2011,0,0,0
贵港市,2012,0,0,0
贵港市,2013,0,0,0
贵港市,2014,0,0,0
贵港市,2015,0,0,0
贵港市,2016,0,0,0
贵港市,2017,0,0,0
贵港市,2018,0,0,0
贵港市,2019,0,0,0
贵港市,2020,0,0,0
贵港市,2021,0,0,0
贵港市,2022,0,0,0
贵港市,2023,0,0,0
贵阳市,1990,0,0,0
贵阳市,1991,0,0,0
贵阳市,1992,0,0,0
贵阳市,1993,0,0,0
贵阳市,1994,0,0,0
贵阳市,1995,0,0,0
贵阳市,1996,0,0,0
贵阳市,1997,0,0,0
贵阳市,1998,0,0,0
贵阳市,1999,0,0,0
贵阳市,2000,0,0,0
贵阳市,2001,0,0,0
贵阳市,2002,0,0,0
贵阳市,2003,0,0,0
贵阳市,2004,0,0,0
贵阳市,2005,0,0,0
贵阳市,2006,0,0,0
贵阳市,2007,0,0,0
贵阳市,2008,0,0,0
贵阳市,2009,0,0,0
贵阳市,2010,0,0,0
贵阳市,2011,0,0,0
贵阳市,2012,0,0,0
贵阳市,2013,0,0,0
贵阳市,2014,0,0,0
贵阳市,2015,0,0,0
贵阳市,2016,0,0,0
贵阳市,2017,0,0,0
贵阳市,2018,0,0,0
贵阳市,2019,0,0,0
贵阳市,2020,0,0,0
贵阳市,2021,0,0,0
贵阳市,2022,0,0,0
贵阳市,2023,0,0,0
贺州市,1990,0,0,0
贺州市,1991,0,0,0
贺州市,1992,0,0,0
贺州市,1993,0,0,0
贺州市,1994,0,0,0
贺州市,1995,0,0,0
贺州市,1996,0,0,0
贺州市,1997,0,0,0
贺州市,1998,0,0,0
贺州市,1999,0,0,0
贺州市,2000,0,0,0
贺州市,2001,0,0,0
贺州市,2002,0,0,0
贺州市,2003,0,0,0
贺州市,2004,0,0,0
贺州市,2005,0,0,0
贺州市,2006,0,0,0
贺州市,2007,0,0,0
贺州市,2008,0,0,0
贺州市,2009,0,0,0
贺州市,2010,0,0,0
贺州市,2011,0,0,0
贺州市,2012,0,0,0
贺州市,2013,0,0,0
贺州市,2014,0,0,0
贺州市,2015,0,0,0
贺州市,2016,0,0,0
贺州市,2017,0,0,0
贺州市,2018,0,0,0
贺州市,2019,0,0,0
贺州市,2020,0,0,0
贺州市,2021,0,0,0
贺州市,2022,0,0,0
贺州市,2023,0,0,0
资阳市,1990,0,0,0
资阳市,1991,0,0,0
资阳市,1992,0,0,0
资阳市,1993,0,0,0
资阳市,1994,0,0,0
资阳市,1995,0,0,0
资阳市,1996,0,0,0
资阳市,1997,0,0,0
资阳市,1998,0,0,0
资阳市,1999,0,0,0
资阳市,2000,0,0,0
资阳市,2001,0,0,0
资阳市,2002,0,0,0
资阳市,2003,0,0,0
资阳市,2004,0,0,0
资阳市,2005,0,0,0
资阳市,2006,0,0,0
资阳市,2007,0,0,0
资阳市,2008,0,0,0
资阳市,2009,0,0,0
资阳市,2010,0,0,0
资阳市,2011,0,0,0
资阳市,2012,0,0,0
资阳市,2013,0,0,0
资阳市,2014,0,0,0
资阳市,2015,0,0,0
资阳市,2016,0,0,0
资阳市,2017,0,0,0
资阳市,2018,0,0,0
资阳市,2019,0,0,0
资阳市,2020,0,0,0
资阳市,2021,0,0,0
资阳市,2022,0,0,0
资阳市,2023,0,0,0
赣州市,1990,0,0,0
赣州市,1991,0,0,0
赣州市,1992,0,0,0
赣州市,1993,0,0,0
赣州市,1994,0,0,0
赣州市,1995,0,0,0
赣州市,1996,0,0,0
赣州市,1997,0,0,0
赣州市,1998,0,0,0
赣州市,1999,0,0,0
赣州市,2000,0,0,0
赣州市,2001,0,0,0
赣州市,2002,0,0,0
赣州市,2003,0,0,0
赣州市,2004,0,0,0
赣州市,2005,0,0,0
赣州市,2006,0,0,0
赣州市,2007,0,0,0
赣州市,2008,0,0,0
赣州市,2009,0,0,0
赣州市,2010,0,0,0
赣州市,2011,0,0,0
赣州市,2012,0,0,0
赣州市,2013,0,0,0
赣州市,2014,0,0,0
赣州市,2015,0,0,0
赣州市,2016,0,0,0
赣州市,2017,0,0,0
赣州市,2018,0,0,0
赣州市,2019,0,0,0
赣州市,2020,0,0,0
赣州市,2021,0,0,0
赣州市,2022,0,0,0
赣州市,2023,0,0,0
赤峰市,1990,0,0,0
赤峰市,1991,0,0,0
赤峰市,1992,0,0,0
赤峰市,1993,0,0,0
赤峰市,1994,0,0,0
赤峰市,1995,0,0,0
赤峰市,1996,0,0,0
赤峰市,1997,0,0,0
赤峰市,1998,0,0,0
赤峰市,1999,0,0,0
赤峰市,2000,0,0,0
赤峰市,2001,0,0,0
赤峰市,2002,0,0,0
赤峰市,2003,0,0,0
赤峰市,2004,0,0,0
赤峰市,2005,0,0,0
赤峰市,2006,0,0,0
赤峰市,2007,0,0,0
赤峰市,2008,0,0,0
赤峰市,2009,0,0,0
赤峰市,2010,0,0,0
赤峰市,2011,0,0,0
赤峰市,2012,0,0,0
赤峰市,2013,0,0,0
赤峰市,2014,0,0,0
赤峰市,2015,0,0,0
赤峰市,2016,0,0,0
赤峰市,2017,0,0,0
赤峰市,2018,0,0,0
赤峰市,2019,0,0,0
赤峰市,2020,0,0,0
赤峰市,2021,0,0,0
赤峰市,2022,0,0,0
赤峰市,2023,0,0,0
辽源市,1990,0,0,0
辽源市,1991,0,0,0
辽源市,1992,0,0,0
辽源市,1993,0,0,0
辽源市,1994,0,0,0
辽源市,1995,0,0,0
辽源市,1996,0,0,0
辽源市,1997,0,0,0
辽源市,1998,0,0,0
辽源市,1999,0,0,0
辽源市,2000,0,0,0
辽源市,2001,0,0,0
辽源市,2002,0,0,0
辽源市,2003,0,0,0
辽源市,2004,0,0,0
辽源市,2005,0,0,0
辽源市,2006,0,0,0
辽源市,2007,0,0,0
辽源市,2008,0,0,0
辽源市,2009,0,0,0
辽源市,2010,0,0,0
辽源市,2011,0,0,0
辽源市,2012,0,0,0
辽源市,2013,0,0,0
辽源市,2014,0,0,0
辽源市,2015,0,0,0
辽源市,2016,0,0,0
辽源市,2017,0,0,0
辽源市,2018,0,0,0
辽源市,2019,0,0,0
辽源市,2020,0,0,0
辽源市,2021,0,0,0
辽源市,2022,0,0,0
辽源市,2023,0,0,0
辽阳市,1990,0,0,0
辽阳市,1991,0,0,0
辽阳市,1992,0,0,0
辽阳市,1993,0,0,0
辽阳市,1994,0,0,0
辽阳市,1995,0,0,0
辽阳市,1996,0,0,0
辽阳市,1997,0,0,0
辽阳市,1998,0,0,0
辽阳市,1999,0,0,0
辽阳市,2000,0,0,0
辽阳市,2001,0,0,0
辽阳市,2002,0,0,0
辽阳市,2003,0,0,0
辽阳市,2004,0,0,0
辽阳市,2005,0,0,0
辽阳市,2006,0,0,0
辽阳市,2007,0,0,0
辽阳市,2008,0,0,0
辽阳市,2009,0,0,0
辽阳市,2010,0,0,0
辽阳市,2011,0,0,0
辽阳市,2012,0,0,0
辽阳市,2013,0,0,0
辽阳市,2014,0,0,0
辽阳市,2015,0,0,0
辽阳市,2016,0,0,0
辽阳市,2017,0,0,0
辽阳市,2018,0,0,0
辽阳市,2019,0,0,0
辽阳市,2020,0,0,0
辽阳市,2021,0,0,0
辽阳市,2022,0,0,0
辽阳市,2023,0,0,0
达州市,1990,0,0,0
达州市,1991,0,0,0
达州市,1992,0,0,0
达州市,1993,0,0,0
达州市,1994,0,0,0
达州市,1995,0,0,0
达州市,1996,0,0,0
达州市,1997,0,0,0
达州市,1998,0,0,0
达州市,1999,0,0,0
达州市,2000,0,0,0
达州市,2001,0,0,0
达州市,2002,0,0,0
达州市,2003,0,0,0
达州市,2004,0,0,0
达州市,2005,0,0,0
达州市,2006,0,0,0
达州市,2007,0,0,0
达州市,2008,0,0,0
达州市,2009,0,0,0
达州市,2010,0,0,0
达州市,2011,0,0,0
达州市,2012,0,0,0
达州市,2013,0,0,0
达州市,2014,0,0,0
达州市,2015,0,0,0
达州市,2016,0,0,0
达州市,2017,0,0,0
达州市,2018,0,0,0
达州市,2019,0,0,0
达州市,2020,0,0,0
达州市,2021,0,0,0
达州市,2022,0,0,0
达州市,2023,0,0,0
运城市,1990,0,0,0
运城市,1991,0,0,0
运城市,1992,0,0,0
运城市,1993,0,0,0
运城市,1994,0,0,0
运城市,1995,0,0,0
运城市,1996,0,0,0
运城市,1997,0,0,0
运城市,1998,0,0,0
运城市,1999,0,0,0
运城市,2000,0,0,0
运城市,2001,0,0,0
运城市,2002,0,0,0
运城市,2003,0,0,0
运城市,2004,0,0,0
运城市,2005,0,0,0
运城市,2006,0,0,0
运城市,2007,0,0,0
运城市,2008,0,0,0
运城市,2009,0,0,0
运城市,2010,0,0,0
运城市,2011,0,0,0
运城市,2012,0,0,0
运城市,2013,0,0,0
运城市,2014,0,0,0
运城市,2015,0,0,0
运城市,2016,0,0,0
运城市,2017,0,0,0
运城市,2018,0,0,0
运城市,2019,0,0,0
运城市,2020,0,0,0
运城市,2021,0,0,0
运城市,2022,0,0,0
运城市,2023,0,0,0
连云港市,1990,0,0,0
连云港市,1991,0,0,0
连云港市,1992,0,0,0
连云港市,1993,0,0,0
连云港市,1994,0,0,0
连云港市,1995,0,0,0
连云港市,1996,0,0,0
连云港市,1997,0,0,0
连云港市,1998,0,0,0
连云港市,1999,0,0,0
连云港市,2000,0,0,0
连云港市,2001,0,0,0
连云港市,2002,0,0,0
连云港市,2003,0,0,0
连云港市,2004,0,0,0
连云港市,2005,0,0,0
连云港市,2006,0,0,0
连云港市,2007,0,0,0
连云港市,2008,0,0,0
连云港市,2009,0,0,0
连云港市,2010,0,0,0
连云港市,2011,0,0,0
连云港市,2012,0,0,0
连云港市,2013,0,0,0
连云港市,2014,0,0,0
连云港市,2015,0,0,0
连云港市,2016,0,0,0
连云港市,2017,0,0,0
连云港市,2018,0,0,0
连云港市,2019,0,0,0
连云港市,2020,0,0,0
连云港市,2021,0,0,0
连云港市,2022,0,0,0
连云港市,2023,0,0,0
通化市,1990,0,0,0
通化市,1991,0,0,0
通化市,1992,0,0,0
通化市,1993,0,0,0
通化市,1994,0,0,0
通化市,1995,0,0,0
通化市,1996,0,0,0
通化市,1997,0,0,0
通化市,1998,0,0,0
通化市,1999,0,0,0
通化市,2000,0,0,0
通化市,2001,0,0,0
通化市,2002,0,0,0
通化市,2003,0,0,0
通化市,2004,0,0,0
通化市,2005,0,0,0
通化市,2006,0,0,0
通化市,2007,0,0,0
通化市,2008,0,0,0
通化市,2009,0,0,0
通化市,2010,0,0,0
通化市,2011,0,0,0
通化市,2012,0,0,0
通化市,2013,0,0,0
通化市,2014,0,0,0
通化市,2015,0,0,0
通化市,2016,0,0,0
通化市,2017,0,0,0
通化市,2018,0,0,0
通化市,2019,0,0,0
通化市,2020,0,0,0
通化市,2021,0,0,0
通化市,2022,0,0,0
通化市,2023,0,0,0
通辽市,1990,0,0,0
通辽市,1991,0,0,0
通辽市,1992,0,0,0
通辽市,1993,0,0,0
通辽市,1994,0,0,0
通辽市,1995,0,0,0
通辽市,1996,0,0,0
通辽市,1997,0,0,0
通辽市,1998,0,0,0
通辽市,1999,0,0,0
通辽市,2000,0,0,0
通辽市,2001,0,0,0
通辽市,2002,0,0,0
通辽市,2003,0,0,0
通辽市,2004,0,0,0
通辽市,2005,0,0,0
通辽市,2006,0,0,0
通辽市,2007,0,0,0
通辽市,2008,0,0,0
通辽市,2009,0,0,0
通辽市,2010,0,0,0
通辽市,2011,0,0,0
通辽市,2012,0,0,0
通辽市,2013,0,0,0
通辽市,2014,0,0,0
通辽市,2015,0,0,0
通辽市,2016,0,0,0
通辽市,2017,0,0,0
通辽市,2018,0,0,0
通辽市,2019,0,0,0
通辽市,2020,0,0,0
通辽市,2021,0,0,0
通辽市,2022,0,0,0
通辽市,2023,0,0,0
遂宁市,1990,0,1,2015
遂宁市,1991,0,1,2015
遂宁市,1992,0,1,2015
遂宁市,1993,0,1,2015
遂宁市,1994,0,1,2015
遂宁市,1995,0,1,2015
遂宁市,1996,0,1,2015
遂宁市,1997,0,1,2015
遂宁市,1998,0,1,2015
遂宁市,1999,0,1,2015
遂宁市,2000,0,1,2015
遂宁市,2001,0,1,2015
遂宁市,2002,0,1,2015
遂宁市,2003,0,1,2015
遂宁市,2004,0,1,2015
遂宁市,2005,0,1,2015
遂宁市,2006,0,1,2015
遂宁市,2007,0,1,2015
遂宁市,2008,0,1,2015
遂宁市,2009,0,1,2015
遂宁市,2010,0,1,2015
遂宁市,2011,0,1,2015
遂宁市,2012,0,1,2015
遂宁市,2013,0,1,2015
遂宁市,2014,0,1,2015
遂宁市,2015,1,1,2015
遂宁市,2016,1,1,2015
遂宁市,2017,1,1,2015
遂宁市,2018,1,1,2015
遂宁市,2019,1,1,2015
遂宁市,2020,1,1,2015
遂宁市,2021,1,1,2015
遂宁市,2022,1,1,2015
遂宁市,2023,1,1,2015
遵义市,1990,0,0,0
遵义市,1991,0,0,0
遵义市,1992,0,0,0
遵义市,1993,0,0,0
遵义市,1994,0,0,0
遵义市,1995,0,0,0
遵义市,1996,0,0,0
遵义市,1997,0,0,0
遵义市,1998,0,0,0
遵义市,1999,0,0,0
遵义市,2000,0,0,0
遵义市,2001,0,0,0
遵义市,2002,0,0,0
遵义市,2003,0,0,0
遵义市,2004,0,0,0
遵义市,2005,0,0,0
遵义市,2006,0,0,0
遵义市,2007,0,0,0
遵义市,2008,0,0,0
遵义市,2009,0,0,0
遵义市,2010,0,0,0
遵义市,2011,0,0,0
遵义市,2012,0,0,0
遵义市,2013,0,0,0
遵义市,2014,0,0,0
遵义市,2015,0,0,0
遵义市,2016,0,0,0
遵义市,2017,0,0,0
遵义市,2018,0,0,0
遵义市,2019,0,0,0
遵义市,2020,0,0,0
遵义市,2021,0,0,0
遵义市,2022,0,0,0
遵义市,2023,0,0,0
邢台市,1990,0,0,0
邢台市,1991,0,0,0
邢台市,1992,0,0,0
邢台市,1993,0,0,0
邢台市,1994,0,0,0
邢台市,1995,0,0,0
邢台市,1996,0,0,0
邢台市,1997,0,0,0
邢台市,1998,0,0,0
邢台市,1999,0,0,0
邢台市,2000,0,0,0
邢台市,2001,0,0,0
邢台市,2002,0,0,0
邢台市,2003,0,0,0
邢台市,2004,0,0,0
邢台市,2005,0,0,0
邢台市,2006,0,0,0
邢台市,2007,0,0,0
邢台市,2008,0,0,0
邢台市,2009,0,0,0
邢台市,2010,0,0,0
邢台市,2011,0,0,0
邢台市,2012,0,0,0
邢台市,2013,0,0,0
邢台市,2014,0,0,0
邢台市,2015,0,0,0
邢台市,2016,0,0,0
邢台市,2017,0,0,0
邢台市,2018,0,0,0
邢台市,2019,0,0,0
邢台市,2020,0,0,0
邢台市,2021,0,0,0
邢台市,2022,0,0,0
邢台市,2023,0,0,0
那曲市,1990,0,0,0
那曲市,1991,0,0,0
那曲市,1992,0,0,0
那曲市,1993,0,0,0
那曲市,1994,0,0,0
那曲市,1995,0,0,0
那曲市,1996,0,0,0
那曲市,1997,0,0,0
那曲市,1998,0,0,0
那曲市,1999,0,0,0
那曲市,2000,0,0,0
那曲市,2001,0,0,0
那曲市,2002,0,0,0
那曲市,2003,0,0,0
那曲市,2004,0,0,0
那曲市,2005,0,0,0
那曲市,2006,0,0,0
那曲市,2007,0,0,0
那曲市,2008,0,0,0
那曲市,2009,0,0,0
那曲市,2010,0,0,0
那曲市,2011,0,0,0
那曲市,2012,0,0,0
那曲市,2013,0,0,0
那曲市,2014,0,0,0
那曲市,2015,0,0,0
那曲市,2016,0,0,0
那曲市,2017,0,0,0
那曲市,2018,0,0,0
那曲市,2019,0,0,0
那曲市,2020,0,0,0
那曲市,2021,0,0,0
那曲市,2022,0,0,0
那曲市,2023,0,0,0
邯郸市,1990,0,0,0
邯郸市,1991,0,0,0
邯郸市,1992,0,0,0
邯郸市,1993,0,0,0
邯郸市,1994,0,0,0
邯郸市,1995,0,0,0
邯郸市,1996,0,0,0
邯郸市,1997,0,0,0
邯郸市,1998,0,0,0
邯郸市,1999,0,0,0
邯郸市,2000,0,0,0
邯郸市,2001,0,0,0
邯郸市,2002,0,0,0
邯郸市,2003,0,0,0
邯郸市,2004,0,0,0
邯郸市,2005,0,0,0
邯郸市,2006,0,0,0
邯郸市,2007,0,0,0
邯郸市,2008,0,0,0
邯郸市,2009,0,0,0
邯郸市,2010,0,0,0
邯郸市,2011,0,0,0
邯郸市,2012,0,0,0
邯郸市,2013,0,0,0
邯郸市,2014,0,0,0
邯郸市,2015,0,0,0
邯郸市,2016,0,0,0
邯郸市,2017,0,0,0
邯郸市,2018,0,0,0
邯郸市,2019,0,0,0
邯郸市,2020,0,0,0
邯郸市,2021,0,0,0
邯郸市,2022,0,0,0
邯郸市,2023,0,0,0
邵阳市,1990,0,0,0
邵阳市,1991,0,0,0
邵阳市,1992,0,0,0
邵阳市,1993,0,0,0
邵阳市,1994,0,0,0
邵阳市,1995,0,0,0
邵阳市,1996,0,0,0
邵阳市,1997,0,0,0
邵阳市,1998,0,0,0
邵阳市,1999,0,0,0
邵阳市,2000,0,0,0
邵阳市,2001,0,0,0
邵阳市,2002,0,0,0
邵阳市,2003,0,0,0
邵阳市,2004,0,0,0
邵阳市,2005,0,0,0
邵阳市,2006,0,0,0
邵阳市,2007,0,0,0
邵阳市,2008,0,0,0
邵阳市,2009,0,0,0
邵阳市,2010,0,0,0
邵阳市,2011,0,0,0
邵阳市,2012,0,0,0
邵阳市,2013,0,0,0
邵阳市,2014,0,0,0
邵阳市,2015,0,0,0
邵阳市,2016,0,0,0
邵阳市,2017,0,0,0
邵阳市,2018,0,0,0
邵阳市,2019,0,0,0
邵阳市,2020,0,0,0
邵阳市,2021,0,0,0
邵阳市,2022,0,0,0
邵阳市,2023,0,0,0
郑州市,1990,0,0,0
郑州市,1991,0,0,0
郑州市,1992,0,0,0
郑州市,1993,0,0,0
郑州市,1994,0,0,0
郑州市,1995,0,0,0
郑州市,1996,0,0,0
郑州市,1997,0,0,0
郑州市,1998,0,0,0
郑州市,1999,0,0,0
郑州市,2000,0,0,0
郑州市,2001,0,0,0
郑州市,2002,0,0,0
郑州市,2003,0,0,0
郑州市,2004,0,0,0
郑州市,2005,0,0,0
郑州市,2006,0,0,0
郑州市,2007,0,0,0
郑州市,2008,0,0,0
郑州市,2009,0,0,0
郑州市,2010,0,0,0
郑州市,2011,0,0,0
郑州市,2012,0,0,0
郑州市,2013,0,0,0
郑州市,2014,0,0,0
郑州市,2015,0,0,0
郑州市,2016,0,0,0
郑州市,2017,0,0,0
郑州市,2018,0,0,0
郑州市,2019,0,0,0
郑州市,2020,0,0,0
郑州市,2021,0,0,0
郑州市,2022,0,0,0
郑州市,2023,0,0,0
郴州市,1990,0,0,0
郴州市,1991,0,0,0
郴州市,1992,0,0,0
郴州市,1993,0,0,0
郴州市,1994,0,0,0
郴州市,1995,0,0,0
郴州市,1996,0,0,0
郴州市,1997,0,0,0
郴州市,1998,0,0,0
郴州市,1999,0,0,0
郴州市,2000,0,0,0
郴州市,2001,0,0,0
郴州市,2002,0,0,0
郴州市,2003,0,0,0
郴州市,2004,0,0,0
郴州市,2005,0,0,0
郴州市,2006,0,0,0
郴州市,2007,0,0,0
郴州市,2008,0,0,0
郴州市,2009,0,0,0
郴州市,2010,0,0,0
郴州市,2011,0,0,0
郴州市,2012,0,0,0
郴州市,2013,0,0,0
郴州市,2014,0,0,0
郴州市,2015,0,0,0
郴州市,2016,0,0,0
郴州市,2017,0,0,0
郴州市,2018,0,0,0
郴州市,2019,0,0,0
郴州市,2020,0,0,0
郴州市,2021,0,0,0
郴州市,2022,0,0,0
郴州市,2023,0,0,0
鄂尔多斯市,1990,0,0,0
鄂尔多斯市,1991,0,0,0
鄂尔多斯市,1992,0,0,0
鄂尔多斯市,1993,0,0,0
鄂尔多斯市,1994,0,0,0
鄂尔多斯市,1995,0,0,0
鄂尔多斯市,1996,0,0,0
鄂尔多斯市,1997,0,0,0
鄂尔多斯市,1998,0,0,0
鄂尔多斯市,1999,0,0,0
鄂尔多斯市,2000,0,0,0
鄂尔多斯市,2001,0,0,0
鄂尔多斯市,2002,0,0,0
鄂尔多斯市,2003,0,0,0
鄂尔多斯市,2004,0,0,0
鄂尔多斯市,2005,0,0,0
鄂尔多斯市,2006,0,0,0
鄂尔多斯市,2007,0,0,0
鄂尔多斯市,2008,0,0,0
鄂尔多斯市,2009,0,0,0
鄂尔多斯市,2010,0,0,0
鄂尔多斯市,2011,0,0,0
鄂尔多斯市,2012,0,0,0
鄂尔多斯市,2013,0,0,0
鄂尔多斯市,2014,0,0,0
鄂尔多斯市,2015,0,0,0
鄂尔多斯市,2016,0,0,0
鄂尔多斯市,2017,0,0,0
鄂尔多斯市,2018,0,0,0
鄂尔多斯市,2019,0,0,0
鄂尔多斯市,2020,0,0,0
鄂尔多斯市,2021,0,0,0
鄂尔多斯市,2022,0,0,0
鄂尔多斯市,2023,0,0,0
鄂州市,1990,0,0,0
鄂州市,1991,0,0,0
鄂州市,1992,0,0,0
鄂州市,1993,0,0,0
鄂州市,1994,0,0,0
鄂州市,1995,0,0,0
鄂州市,1996,0,0,0
鄂州市,1997,0,0,0
鄂州市,1998,0,0,0
鄂州市,1999,0,0,0
鄂州市,2000,0,0,0
鄂州市,2001,0,0,0
鄂州市,2002,0,0,0
鄂州市,2003,0,0,0
鄂州市,2004,0,0,0
鄂州市,2005,0,0,0
鄂州市,2006,0,0,0
鄂州市,2007,0,0,0
鄂州市,2008,0,0,0
鄂州市,2009,0,0,0
鄂州市,2010,0,0,0
鄂州市,2011,0,0,0
鄂州市,2012,0,0,0
鄂州市,2013,0,0,0
鄂州市,2014,0,0,0
鄂州市,2015,0,0,0
鄂州市,2016,0,0,0
鄂州市,2017,0,0,0
鄂州市,2018,0,0,0
鄂州市,2019,0,0,0
鄂州市,2020,0,0,0
鄂州市,2021,0,0,0
鄂州市,2022,0,0,0
鄂州市,2023,0,0,0
酒泉市,1990,0,0,0
酒泉市,1991,0,0,0
酒泉市,1992,0,0,0
酒泉市,1993,0,0,0
酒泉市,1994,0,0,0
酒泉市,1995,0,0,0
酒泉市,1996,0,0,0
酒泉市,1997,0,0,0
酒泉市,1998,0,0,0
酒泉市,1999,0,0,0
酒泉市,2000,0,0,0
酒泉市,2001,0,0,0
酒泉市,2002,0,0,0
酒泉市,2003,0,0,0
酒泉市,2004,0,0,0
酒泉市,2005,0,0,0
酒泉市,2006,0,0,0
酒泉市,2007,0,0,0
酒泉市,2008,0,0,0
酒泉市,2009,0,0,0
酒泉市,2010,0,0,0
酒泉市,2011,0,0,0
酒泉市,2012,0,0,0
酒泉市,2013,0,0,0
酒泉市,2014,0,0,0
酒泉市,2015,0,0,0
酒泉市,2016,0,0,0
酒泉市,2017,0,0,0
酒泉市,2018,0,0,0
酒泉市,2019,0,0,0
酒泉市,2020,0,0,0
酒泉市,2021,0,0,0
酒泉市,2022,0,0,0
酒泉市,2023,0,0,0
重庆市,1990,0,1,2015
重庆市,1991,0,1,2015
重庆市,1992,0,1,2015
重庆市,1993,0,1,2015
重庆市,1994,0,1,2015
重庆市,1995,0,1,2015
重庆市,1996,0,1,2015
重庆市,1997,0,1,2015
重庆市,1998,0,1,2015
重庆市,1999,0,1,2015
重庆市,2000,0,1,2015
重庆市,2001,0,1,2015
重庆市,2002,0,1,2015
重庆市,2003,0,1,2015
重庆市,2004,0,1,2015
重庆市,2005,0,1,2015
重庆市,2006,0,1,2015
重庆市,2007,0,1,2015
重庆市,2008,0,1,2015
重庆市,2009,0,1,2015
重庆市,2010,0,1,2015
重庆市,2011,0,1,2015
重庆市,2012,0,1,2015
重庆市,2013,0,1,2015
重庆市,2014,0,1,2015
重庆市,2015,1,1,2015
重庆市,2016,1,1,2015
重庆市,2017,1,1,2015
重庆市,2018,1,1,2015
重庆市,2019,1,1,2015
重庆市,2020,1,1,2015
重庆市,2021,1,1,2015
重庆市,2022,1,1,2015
重庆市,2023,1,1,2015
金华市,1990,0,0,0
金华市,1991,0,0,0
金华市,1992,0,0,0
金华市,1993,0,0,0
金华市,1994,0,0,0
金华市,1995,0,0,0
金华市,1996,0,0,0
金华市,1997,0,0,0
金华市,1998,0,0,0
金华市,1999,0,0,0
金华市,2000,0,0,0
金华市,2001,0,0,0
金华市,2002,0,0,0
金华市,2003,0,0,0
金华市,2004,0,0,0
金华市,2005,0,0,0
金华市,2006,0,0,0
金华市,2007,0,0,0
金华市,2008,0,0,0
金华市,2009,0,0,0
金华市,2010,0,0,0
金华市,2011,0,0,0
金华市,2012,0,0,0
金华市,2013,0,0,0
金华市,2014,0,0,0
金华市,2015,0,0,0
金华市,2016,0,0,0
金华市,2017,0,0,0
金华市,2018,0,0,0
金华市,2019,0,0,0
金华市,2020,0,0,0
金华市,2021,0,0,0
金华市,2022,0,0,0
金华市,2023,0,0,0
金昌市,1990,0,0,0
金昌市,1991,0,0,0
金昌市,1992,0,0,0
金昌市,1993,0,0,0
金昌市,1994,0,0,0
金昌市,1995,0,0,0
金昌市,1996,0,0,0
金昌市,1997,0,0,0
金昌市,1998,0,0,0
金昌市,1999,0,0,0
金昌市,2000,0,0,0
金昌市,2001,0,0,0
金昌市,2002,0,0,0
金昌市,2003,0,0,0
金昌市,2004,0,0,0
金昌市,2005,0,0,0
金昌市,2006,0,0,0
金昌市,2007,0,0,0
金昌市,2008,0,0,0
金昌市,2009,0,0,0
金昌市,2010,0,0,0
金昌市,2011,0,0,0
金昌市,2012,0,0,0
金昌市,2013,0,0,0
金昌市,2014,0,0,0
金昌市,2015,0,0,0
金昌市,2016,0,0,0
金昌市,2017,0,0,0
金昌市,2018,0,0,0
金昌市,2019,0,0,0
金昌市,2020,0,0,0
金昌市,2021,0,0,0
金昌市,2022,0,0,0
金昌市,2023,0,0,0
钦州市,1990,0,0,0
钦州市,1991,0,0,0
钦州市,1992,0,0,0
钦州市,1993,0,0,0
钦州市,1994,0,0,0
钦州市,1995,0,0,0
钦州市,1996,0,0,0
钦州市,1997,0,0,0
钦州市,1998,0,0,0
钦州市,1999,0,0,0
钦州市,2000,0,0,0
钦州市,2001,0,0,0
钦州市,2002,0,0,0
钦州市,2003,0,0,0
钦州市,2004,0,0,0
钦州市,2005,0,0,0
钦州市,2006,0,0,0
钦州市,2007,0,0,0
钦州市,2008,0,0,0
钦州市,2009,0,0,0
钦州市,2010,0,0,0
钦州市,2011,0,0,0
钦州市,2012,0,0,0
钦州市,2013,0,0,0
钦州市,2014,0,0,0
钦州市,2015,0,0,0
钦州市,2016,0,0,0
钦州市,2017,0,0,0
钦州市,2018,0,0,0
钦州市,2019,0,0,0
钦州市,2020,0,0,0
钦州市,2021,0,0,0
钦州市,2022,0,0,0
钦州市,2023,0,0,0
铁岭市,1990,0,0,0
铁岭市,1991,0,0,0
铁岭市,1992,0,0,0
铁岭市,1993,0,0,0
铁岭市,1994,0,0,0
铁岭市,1995,0,0,0
铁岭市,1996,0,0,0
铁岭市,1997,0,0,0
铁岭市,1998,0,0,0
铁岭市,1999,0,0,0
铁岭市,2000,0,0,0
铁岭市,2001,0,0,0
铁岭市,2002,0,0,0
铁岭市,2003,0,0,0
铁岭市,2004,0,0,0
铁岭市,2005,0,0,0
铁岭市,2006,0,0,0
铁岭市,2007,0,0,0
铁岭市,2008,0,0,0
铁岭市,2009,0,0,0
铁岭市,2010,0,0,0
铁岭市,2011,0,0,0
铁岭市,2012,0,0,0
铁岭市,2013,0,0,0
铁岭市,2014,0,0,0
铁岭市,2015,0,0,0
铁岭市,2016,0,0,0
铁岭市,2017,0,0,0
铁岭市,2018,0,0,0
铁岭市,2019,0,0,0
铁岭市,2020,0,0,0
铁岭市,2021,0,0,0
铁岭市,2022,0,0,0
铁岭市,2023,0,0,0
铜仁市,1990,0,0,0
铜仁市,1991,0,0,0
铜仁市,1992,0,0,0
铜仁市,1993,0,0,0
铜仁市,1994,0,0,0
铜仁市,1995,0,0,0
铜仁市,1996,0,0,0
铜仁市,1997,0,0,0
铜仁市,1998,0,0,0
铜仁市,1999,0,0,0
铜仁市,2000,0,0,0
铜仁市,2001,0,0,0
铜仁市,2002,0,0,0
铜仁市,2003,0,0,0
铜仁市,2004,0,0,0
铜仁市,2005,0,0,0
铜仁市,2006,0,0,0
铜仁市,2007,0,0,0
铜仁市,2008,0,0,0
铜仁市,2009,0,0,0
铜仁市,2010,0,0,0
铜仁市,2011,0,0,0
铜仁市,2012,0,0,0
铜仁市,2013,0,0,0
铜仁市,2014,0,0,0
铜仁市,2015,0,0,0
铜仁市,2016,0,0,0
铜仁市,2017,0,0,0
铜仁市,2018,0,0,0
铜仁市,2019,0,0,0
铜仁市,2020,0,0,0
铜仁市,2021,0,0,0
铜仁市,2022,0,0,0
铜仁市,2023,0,0,0
铜川市,1990,0,0,0
铜川市,1991,0,0,0
铜川市,1992,0,0,0
铜川市,1993,0,0,0
铜川市,1994,0,0,0
铜川市,1995,0,0,0
铜川市,1996,0,0,0
铜川市,1997,0,0,0
铜川市,1998,0,0,0
铜川市,1999,0,0,0
铜川市,2000,0,0,0
铜川市,2001,0,0,0
铜川市,2002,0,0,0
铜川市,2003,0,0,0
铜川市,2004,0,0,0
铜川市,2005,0,0,0
铜川市,2006,0,0,0
铜川市,2007,0,0,0
铜川市,2008,0,0,0
铜川市,2009,0,0,0
铜川市,2010,0,0,0
铜川市,2011,0,0,0
铜川市,2012,0,0,0
铜川市,2013,0,0,0
铜川市,2014,0,0,0
铜川市,2015,0,0,0
铜川市,2016,0,0,0
铜川市,2017,0,0,0
铜川市,2018,0,0,0
铜川市,2019,0,0,0
铜川市,2020,0,0,0
铜川市,2021,0,0,0
铜川市,2022,0,0,0
铜川市,2023,0,0,0
铜陵市,1990,0,0,0
铜陵市,1991,0,0,0
铜陵市,1992,0,0,0
铜陵市,1993,0,0,0
铜陵市,1994,0,0,0
铜陵市,1995,0,0,0
铜陵市,1996,0,0,0
铜陵市,1997,0,0,0
铜陵市,1998,0,0,0
铜陵市,1999,0,0,0
铜陵市,2000,0,0,0
铜陵市,2001,0,0,0
铜陵市,2002,0,0,0
铜陵市,2003,0,0,0
铜陵市,2004,0,0,0
铜陵市,2005,0,0,0
铜陵市,2006,0,0,0
铜陵市,2007,0,0,0
铜陵市,2008,0,0,0
铜陵市,2009,0,0,0
铜陵市,2010,0,0,0
铜陵市,2011,0,0,0
铜陵市,2012,0,0,0
铜陵市,2013,0,0,0
铜陵市,2014,0,0,0
铜陵市,2015,0,0,0
铜陵市,2016,0,0,0
铜陵市,2017,0,0,0
铜陵市,2018,0,0,0
铜陵市,2019,0,0,0
铜陵市,2020,0,0,0
铜陵市,2021,0,0,0
铜陵市,2022,0,0,0
铜陵市,2023,0,0,0
银川市,1990,0,0,0
银川市,1991,0,0,0
银川市,1992,0,0,0
银川市,1993,0,0,0
银川市,1994,0,0,0
银川市,1995,0,0,0
银川市,1996,0,0,0
银川市,1997,0,0,0
银川市,1998,0,0,0
银川市,1999,0,0,0
银川市,2000,0,0,0
银川市,2001,0,0,0
银川市,2002,0,0,0
银川市,2003,0,0,0
银川市,2004,0,0,0
银川市,2005,0,0,0
银川市,2006,0,0,0
银川市,2007,0,0,0
银川市,2008,0,0,0
银川市,2009,0,0,0
银川市,2010,0,0,0
银川市,2011,0,0,0
银川市,2012,0,0,0
银川市,2013,0,0,0
银川市,2014,0,0,0
银川市,2015,0,0,0
银川市,2016,0,0,0
银川市,2017,0,0,0
银川市,2018,0,0,0
银川市,2019,0,0,0
银川市,2020,0,0,0
银川市,2021,0,0,0
银川市,2022,0,0,0
银川市,2023,0,0,0
锦州市,1990,0,0,0
锦州市,1991,0,0,0
锦州市,1992,0,0,0
锦州市,1993,0,0,0
锦州市,1994,0,0,0
锦州市,1995,0,0,0
锦州市,1996,0,0,0
锦州市,1997,0,0,0
锦州市,1998,0,0,0
锦州市,1999,0,0,0
锦州市,2000,0,0,0
锦州市,2001,0,0,0
锦州市,2002,0,0,0
锦州市,2003,0,0,0
锦州市,2004,0,0,0
锦州市,2005,0,0,0
锦州市,2006,0,0,0
锦州市,2007,0,0,0
锦州市,2008,0,0,0
锦州市,2009,0,0,0
锦州市,2010,0,0,0
锦州市,2011,0,0,0
锦州市,2012,0,0,0
锦州市,2013,0,0,0
锦州市,2014,0,0,0
锦州市,2015,0,0,0
锦州市,2016,0,0,0
锦州市,2017,0,0,0
锦州市,2018,0,0,0
锦州市,2019,0,0,0
锦州市,2020,0,0,0
锦州市,2021,0,0,0
锦州市,2022,0,0,0
锦州市,2023,0,0,0
镇江市,1990,0,1,2015
镇江市,1991,0,1,2015
镇江市,1992,0,1,2015
镇江市,1993,0,1,2015
镇江市,1994,0,1,2015
镇江市,1995,0,1,2015
镇江市,1996,0,1,2015
镇江市,1997,0,1,2015
镇江市,1998,0,1,2015
镇江市,1999,0,1,2015
镇江市,2000,0,1,2015
镇江市,2001,0,1,2015
镇江市,2002,0,1,2015
镇江市,2003,0,1,2015
镇江市,2004,0,1,2015
镇江市,2005,0,1,2015
镇江市,2006,0,1,2015
镇江市,2007,0,1,2015
镇江市,2008,0,1,2015
镇江市,2009,0,1,2015
镇江市,2010,0,1,2015
镇江市,2011,0,1,2015
镇江市,2012,0,1,2015
镇江市,2013,0,1,2015
镇江市,2014,0,1,2015
镇江市,2015,1,1,2015
镇江市,2016,1,1,2015
镇江市,2017,1,1,2015
镇江市,2018,1,1,2015
镇江市,2019,1,1,2015
镇江市,2020,1,1,2015
镇江市,2021,1,1,2015
镇江市,2022,1,1,2015
镇江市,2023,1,1,2015
长春市,1990,0,0,0
长春市,1991,0,0,0
长春市,1992,0,0,0
长春市,1993,0,0,0
长春市,1994,0,0,0
长春市,1995,0,0,0
长春市,1996,0,0,0
长春市,1997,0,0,0
长春市,1998,0,0,0
长春市,1999,0,0,0
长春市,2000,0,0,0
长春市,2001,0,0,0
长春市,2002,0,0,0
长春市,2003,0,0,0
长春市,2004,0,0,0
长春市,2005,0,0,0
长春市,2006,0,0,0
长春市,2007,0,0,0
长春市,2008,0,0,0
长春市,2009,0,0,0
长春市,2010,0,0,0
长春市,2011,0,0,0
长春市,2012,0,0,0
长春市,2013,0,0,0
长春市,2014,0,0,0
长春市,2015,0,0,0
长春市,2016,0,0,0
长春市,2017,0,0,0
长春市,2018,0,0,0
长春市,2019,0,0,0
长春市,2020,0,0,0
长春市,2021,0,0,0
长春市,2022,0,0,0
长春市,2023,0,0,0
长沙市,1990,0,0,0
长沙市,1991,0,0,0
长沙市,1992,0,0,0
长沙市,1993,0,0,0
长沙市,1994,0,0,0
长沙市,1995,0,0,0
长沙市,1996,0,0,0
长沙市,1997,0,0,0
长沙市,1998,0,0,0
长沙市,1999,0,0,0
长沙市,2000,0,0,0
长沙市,2001,0,0,0
长沙市,2002,0,0,0
长沙市,2003,0,0,0
长沙市,2004,0,0,0
长沙市,2005,0,0,0
长沙市,2006,0,0,0
长沙市,2007,0,0,0
长沙市,2008,0,0,0
长沙市,2009,0,0,0
长沙市,2010,0,0,0
长沙市,2011,0,0,0
长沙市,2012,0,0,0
长沙市,2013,0,0,0
长沙市,2014,0,0,0
长沙市,2015,0,0,0
长沙市,2016,0,0,0
长沙市,2017,0,0,0
长沙市,2018,0,0,0
长沙市,2019,0,0,0
长沙市,2020,0,0,0
长沙市,2021,0,0,0
长沙市,2022,0,0,0
长沙市,2023,0,0,0
长治市,1990,0,0,0
长治市,1991,0,0,0
长治市,1992,0,0,0
长治市,1993,0,0,0
长治市,1994,0,0,0
长治市,1995,0,0,0
长治市,1996,0,0,0
长治市,1997,0,0,0
长治市,1998,0,0,0
长治市,1999,0,0,0
长治市,2000,0,0,0
长治市,2001,0,0,0
长治市,2002,0,0,0
长治市,2003,0,0,0
长治市,2004,0,0,0
长治市,2005,0,0,0
长治市,2006,0,0,0
长治市,2007,0,0,0
长治市,2008,0,0,0
长治市,2009,0,0,0
长治市,2010,0,0,0
长治市,2011,0,0,0
长治市,2012,0,0,0
长治市,2013,0,0,0
长治市,2014,0,0,0
长治市,2015,0,0,0
长治市,2016,0,0,0
长治市,2017,0,0,0
长治市,2018,0,0,0
长治市,2019,0,0,0
长治市,2020,0,0,0
长治市,2021,0,0,0
长治市,2022,0,0,0
长治市,2023,0,0,0
阜新市,1990,0,0,0
阜新市,1991,0,0,0
阜新市,1992,0,0,0
阜新市,1993,0,0,0
阜新市,1994,0,0,0
阜新市,1995,0,0,0
阜新市,1996,0,0,0
阜新市,1997,0,0,0
阜新市,1998,0,0,0
阜新市,1999,0,0,0
阜新市,2000,0,0,0
阜新市,2001,0,0,0
阜新市,2002,0,0,0
阜新市,2003,0,0,0
阜新市,2004,0,0,0
阜新市,2005,0,0,0
阜新市,2006,0,0,0
阜新市,2007,0,0,0
阜新市,2008,0,0,0
阜新市,2009,0,0,0
阜新市,2010,0,0,0
阜新市,2011,0,0,0
阜新市,2012,0,0,0
阜新市,2013,0,0,0
阜新市,2014,0,0,0
阜新市,2015,0,0,0
阜新市,2016,0,0,0
阜新市,2017,0,0,0
阜新市,2018,0,0,0
阜新市,2019,0,0,0
阜新市,2020,0,0,0
阜新市,2021,0,0,0
阜新市,2022,0,0,0
阜新市,2023,0,0,0
阜阳市,1990,0,0,0
阜阳市,1991,0,0,0
阜阳市,1992,0,0,0
阜阳市,1993,0,0,0
阜阳市,1994,0,0,0
阜阳市,1995,0,0,0
阜阳市,1996,0,0,0
阜阳市,1997,0,0,0
阜阳市,1998,0,0,0
阜阳市,1999,0,0,0
阜阳市,2000,0,0,0
阜阳市,2001,0,0,0
阜阳市,2002,0,0,0
阜阳市,2003,0,0,0
阜阳市,2004,0,0,0
阜阳市,2005,0,0,0
阜阳市,2006,0,0,0
阜阳市,2007,0,0,0
阜阳市,2008,0,0,0
阜阳市,2009,0,0,0
阜阳市,2010,0,0,0
阜阳市,2011,0,0,0
阜阳市,2012,0,0,0
阜阳市,2013,0,0,0
阜阳市,2014,0,0,0
阜阳市,2015,0,0,0
阜阳市,2016,0,0,0
阜阳市,2017,0,0,0
阜阳市,2018,0,0,0
阜阳市,2019,0,0,0
阜阳市,2020,0,0,0
阜阳市,2021,0,0,0
阜阳市,2022,0,0,0
阜阳市,2023,0,0,0
防城港市,1990,0,0,0
防城港市,1991,0,0,0
防城港市,1992,0,0,0
防城港市,1993,0,0,0
防城港市,1994,0,0,0
防城港市,1995,0,0,0
防城港市,1996,0,0,0
防城港市,1997,0,0,0
防城港市,1998,0,0,0
防城港市,1999,0,0,0
防城港市,2000,0,0,0
防城港市,2001,0,0,0
防城港市,2002,0,0,0
防城港市,2003,0,0,0
防城港市,2004,0,0,0
防城港市,2005,0,0,0
防城港市,2006,0,0,0
防城港市,2007,0,0,0
防城港市,2008,0,0,0
防城港市,2009,0,0,0
防城港市,2010,0,0,0
防城港市,2011,0,0,0
防城港市,2012,0,0,0
防城港市,2013,0,0,0
防城港市,2014,0,0,0
防城港市,2015,0,0,0
防城港市,2016,0,0,0
防城港市,2017,0,0,0
防城港市,2018,0,0,0
防城港市,2019,0,0,0
防城港市,2020,0,0,0
防城港市,2021,0,0,0
防城港市,2022,0,0,0
防城港市,2023,0,0,0
阳江市,1990,0,0,0
阳江市,1991,0,0,0
阳江市,1992,0,0,0
阳江市,1993,0,0,0
阳江市,1994,0,0,0
阳江市,1995,0,0,0
阳江市,1996,0,0,0
阳江市,1997,0,0,0
阳江市,1998,0,0,0
阳江市,1999,0,0,0
阳江市,2000,0,0,0
阳江市,2001,0,0,0
阳江市,2002,0,0,0
阳江市,2003,0,0,0
阳江市,2004,0,0,0
阳江市,2005,0,0,0
阳江市,2006,0,0,0
阳江市,2007,0,0,0
阳江市,2008,0,0,0
阳江市,2009,0,0,0
阳江市,2010,0,0,0
阳江市,2011,0,0,0
阳江市,2012,0,0,0
阳江市,2013,0,0,0
阳江市,2014,0,0,0
阳江市,2015,0,0,0
阳江市,2016,0,0,0
阳江市,2017,0,0,0
阳江市,2018,0,0,0
阳江市,2019,0,0,0
阳江市,2020,0,0,0
阳江市,2021,0,0,0
阳江市,2022,0,0,0
阳江市,2023,0,0,0
阳泉市,1990,0,0,0
阳泉市,1991,0,0,0
阳泉市,1992,0,0,0
阳泉市,1993,0,0,0
阳泉市,1994,0,0,0
阳泉市,1995,0,0,0
阳泉市,1996,0,0,0
阳泉市,1997,0,0,0
阳泉市,1998,0,0,0
阳泉市,1999,0,0,0
阳泉市,2000,0,0,0
阳泉市,2001,0,0,0
阳泉市,2002,0,0,0
阳泉市,2003,0,0,0
阳泉市,2004,0,0,0
阳泉市,2005,0,0,0
阳泉市,2006,0,0,0
阳泉市,2007,0,0,0
阳泉市,2008,0,0,0
阳泉市,2009,0,0,0
阳泉市,2010,0,0,0
阳泉市,2011,0,0,0
阳泉市,2012,0,0,0
阳泉市,2013,0,0,0
阳泉市,2014,0,0,0
阳泉市,2015,0,0,0
阳泉市,2016,0,0,0
阳泉市,2017,0,0,0
阳泉市,2018,0,0,0
阳泉市,2019,0,0,0
阳泉市,2020,0,0,0
阳泉市,2021,0,0,0
阳泉市,2022,0,0,0
阳泉市,2023,0,0,0
陇南市,1990,0,0,0
陇南市,1991,0,0,0
陇南市,1992,0,0,0
陇南市,1993,0,0,0
陇南市,1994,0,0,0
陇南市,1995,0,0,0
陇南市,1996,0,0,0
陇南市,1997,0,0,0
陇南市,1998,0,0,0
陇南市,1999,0,0,0
陇南市,2000,0,0,0
陇南市,2001,0,0,0
陇南市,2002,0,0,0
陇南市,2003,0,0,0
陇南市,2004,0,0,0
陇南市,2005,0,0,0
陇南市,2006,0,0,0
陇南市,2007,0,0,0
陇南市,2008,0,0,0
陇南市,2009,0,0,0
陇南市,2010,0,0,0
陇南市,2011,0,0,0
陇南市,2012,0,0,0
陇南市,2013,0,0,0
陇南市,2014,0,0,0
陇南市,2015,0,0,0
陇南市,2016,0,0,0
陇南市,2017,0,0,0
陇南市,2018,0,0,0
陇南市,2019,0,0,0
陇南市,2020,0,0,0
陇南市,2021,0,0,0
陇南市,2022,0,0,0
陇南市,2023,0,0,0
随州市,1990,0,0,0
随州市,1991,0,0,0
随州市,1992,0,0,0
随州市,1993,0,0,0
随州市,1994,0,0,0
随州市,1995,0,0,0
随州市,1996,0,0,0
随州市,1997,0,0,0
随州市,1998,0,0,0
随州市,1999,0,0,0
随州市,2000,0,0,0
随州市,2001,0,0,0
随州市,2002,0,0,0
随州市,2003,0,0,0
随州市,2004,0,0,0
随州市,2005,0,0,0
随州市,2006,0,0,0
随州市,2007,0,0,0
随州市,2008,0,0,0
随州市,2009,0,0,0
随州市,2010,0,0,0
随州市,2011,0,0,0
随州市,2012,0,0,0
随州市,2013,0,0,0
随州市,2014,0,0,0
随州市,2015,0,0,0
随州市,2016,0,0,0
随州市,2017,0,0,0
随州市,2018,0,0,0
随州市,2019,0,0,0
随州市,2020,0,0,0
随州市,2021,0,0,0
随州市,2022,0,0,0
随州市,2023,0,0,0
雅安市,1990,0,0,0
雅安市,1991,0,0,0
雅安市,1992,0,0,0
雅安市,1993,0,0,0
雅安市,1994,0,0,0
雅安市,1995,0,0,0
雅安市,1996,0,0,0
雅安市,1997,0,0,0
雅安市,1998,0,0,0
雅安市,1999,0,0,0
雅安市,2000,0,0,0
雅安市,2001,0,0,0
雅安市,2002,0,0,0
雅安市,2003,0,0,0
雅安市,2004,0,0,0
雅安市,2005,0,0,0
雅安市,2006,0,0,0
雅安市,2007,0,0,0
雅安市,2008,0,0,0
雅安市,2009,0,0,0
雅安市,2010,0,0,0
雅安市,2011,0,0,0
雅安市,2012,0,0,0
雅安市,2013,0,0,0
雅安市,2014,0,0,0
雅安市,2015,0,0,0
雅安市,2016,0,0,0
雅安市,2017,0,0,0
雅安市,2018,0,0,0
雅安市,2019,0,0,0
雅安市,2020,0,0,0
雅安市,2021,0,0,0
雅安市,2022,0,0,0
雅安市,2023,0,0,0
青岛市,1990,0,2,2016
青岛市,1991,0,2,2016
青岛市,1992,0,2,2016
青岛市,1993,0,2,2016
青岛市,1994,0,2,2016
青岛市,1995,0,2,2016
青岛市,1996,0,2,2016
青岛市,1997,0,2,2016
青岛市,1998,0,2,2016
青岛市,1999,0,2,2016
青岛市,2000,0,2,2016
青岛市,2001,0,2,2016
青岛市,2002,0,2,2016
青岛市,2003,0,2,2016
青岛市,2004,0,2,2016
青岛市,2005,0,2,2016
青岛市,2006,0,2,2016
青岛市,2007,0,2,2016
青岛市,2008,0,2,2016
青岛市,2009,0,2,2016
青岛市,2010,0,2,2016
青岛市,2011,0,2,2016
青岛市,2012,0,2,2016
青岛市,2013,0,2,2016
青岛市,2014,0,2,2016
青岛市,2015,0,2,2016
青岛市,2016,1,2,2016
青岛市,2017,1,2,2016
青岛市,2018,1,2,2016
青岛市,2019,1,2,2016
青岛市,2020,1,2,2016
青岛市,2021,1,2,2016
青岛市,2022,1,2,2016
青岛市,2023,1,2,2016
鞍山市,1990,0,0,0
鞍山市,1991,0,0,0
鞍山市,1992,0,0,0
鞍山市,1993,0,0,0
鞍山市,1994,0,0,0
鞍山市,1995,0,0,0
鞍山市,1996,0,0,0
鞍山市,1997,0,0,0
鞍山市,1998,0,0,0
鞍山市,1999,0,0,0
鞍山市,2000,0,0,0
鞍山市,2001,0,0,0
鞍山市,2002,0,0,0
鞍山市,2003,0,0,0
鞍山市,2004,0,0,0
鞍山市,2005,0,0,0
鞍山市,2006,0,0,0
鞍山市,2007,0,0,0
鞍山市,2008,0,0,0
鞍山市,2009,0,0,0
鞍山市,2010,0,0,0
鞍山市,2011,0,0,0
鞍山市,2012,0,0,0
鞍山市,2013,0,0,0
鞍山市,2014,0,0,0
鞍山市,2015,0,0,0
鞍山市,2016,0,0,0
鞍山市,2017,0,0,0
鞍山市,2018,0,0,0
鞍山市,2019,0,0,0
鞍山市,2020,0,0,0
鞍山市,2021,0,0,0
鞍山市,2022,0,0,0
鞍山市,2023,0,0,0
韶关市,1990,0,0,0
韶关市,1991,0,0,0
韶关市,1992,0,0,0
韶关市,1993,0,0,0
韶关市,1994,0,0,0
韶关市,1995,0,0,0
韶关市,1996,0,0,0
韶关市,1997,0,0,0
韶关市,1998,0,0,0
韶关市,1999,0,0,0
韶关市,2000,0,0,0
韶关市,2001,0,0,0
韶关市,2002,0,0,0
韶关市,2003,0,0,0
韶关市,2004,0,0,0
韶关市,2005,0,0,0
韶关市,2006,0,0,0
韶关市,2007,0,0,0
韶关市,2008,0,0,0
韶关市,2009,0,0,0
韶关市,2010,0,0,0
韶关市,2011,0,0,0
韶关市,2012,0,0,0
韶关市,2013,0,0,0
韶关市,2014,0,0,0
韶关市,2015,0,0,0
韶关市,2016,0,0,0
韶关市,2017,0,0,0
韶关市,2018,0,0,0
韶关市,2019,0,0,0
韶关市,2020,0,0,0
韶关市,2021,0,0,0
韶关市,2022,0,0,0
韶关市,2023,0,0,0
马鞍山市,1990,0,0,0
马鞍山市,1991,0,0,0
马鞍山市,1992,0,0,0
马鞍山市,1993,0,0,0
马鞍山市,1994,0,0,0
马鞍山市,1995,0,0,0
马鞍山市,1996,0,0,0
马鞍山市,1997,0,0,0
马鞍山市,1998,0,0,0
马鞍山市,1999,0,0,0
马鞍山市,2000,0,0,0
马鞍山市,2001,0,0,0
马鞍山市,2002,0,0,0
马鞍山市,2003,0,0,0
马鞍山市,2004,0,0,0
马鞍山市,2005,0,0,0
马鞍山市,2006,0,0,0
马鞍山市,2007,0,0,0
马鞍山市,2008,0,0,0
马鞍山市,2009,0,0,0
马鞍山市,2010,0,0,0
马鞍山市,2011,0,0,0
马鞍山市,2012,0,0,0
马鞍山市,2013,0,0,0
马鞍山市,2014,0,0,0
马鞍山市,2015,0,0,0
马鞍山市,2016,0,0,0
马鞍山市,2017,0,0,0
马鞍山市,2018,0,0,0
马鞍山市,2019,0,0,0
马鞍山市,2020,0,0,0
马鞍山市,2021,0,0,0
马鞍山市,2022,0,0,0
马鞍山市,2023,0,0,0
驻马店市,1990,0,0,0
驻马店市,1991,0,0,0
驻马店市,1992,0,0,0
驻马店市,1993,0,0,0
驻马店市,1994,0,0,0
驻马店市,1995,0,0,0
驻马店市,1996,0,0,0
驻马店市,1997,0,0,0
驻马店市,1998,0,0,0
驻马店市,1999,0,0,0
驻马店市,2000,0,0,0
驻马店市,2001,0,0,0
驻马店市,2002,0,0,0
驻马店市,2003,0,0,0
驻马店市,2004,0,0,0
驻马店市,2005,0,0,0
驻马店市,2006,0,0,0
驻马店市,2007,0,0,0
驻马店市,2008,0,0,0
驻马店市,2009,0,0,0
驻马店市,2010,0,0,0
驻马店市,2011,0,0,0
驻马店市,2012,0,0,0
驻马店市,2013,0,0,0
驻马店市,2014,0,0,0
驻马店市,2015,0,0,0
驻马店市,2016,0,0,0
驻马店市,2017,0,0,0
驻马店市,2018,0,0,0
驻马店市,2019,0,0,0
驻马店市,2020,0,0,0
驻马店市,2021,0,0,0
驻马店市,2022,0,0,0
驻马店市,2023,0,0,0
鸡西市,1990,0,0,0
鸡西市,1991,0,0,0
鸡西市,1992,0,0,0
鸡西市,1993,0,0,0
鸡西市,1994,0,0,0
鸡西市,1995,0,0,0
鸡西市,1996,0,0,0
鸡西市,1997,0,0,0
鸡西市,1998,0,0,0
鸡西市,1999,0,0,0
鸡西市,2000,0,0,0
鸡西市,2001,0,0,0
鸡西市,2002,0,0,0
鸡西市,2003,0,0,0
鸡西市,2004,0,0,0
鸡西市,2005,0,0,0
鸡西市,2006,0,0,0
鸡西市,2007,0,0,0
鸡西市,2008,0,0,0
鸡西市,2009,0,0,0
鸡西市,2010,0,0,0
鸡西市,2011,0,0,0
鸡西市,2012,0,0,0
鸡西市,2013,0,0,0
鸡西市,2014,0,0,0
鸡西市,2015,0,0,0
鸡西市,2016,0,0,0
鸡西市,2017,0,0,0
鸡西市,2018,0,0,0
鸡西市,2019,0,0,0
鸡西市,2020,0,0,0
鸡西市,2021,0,0,0
鸡西市,2022,0,0,0
鸡西市,2023,0,0,0
鹤壁市,1990,0,1,2015
鹤壁市,1991,0,1,2015
鹤壁市,1992,0,1,2015
鹤壁市,1993,0,1,2015
鹤壁市,1994,0,1,2015
鹤壁市,1995,0,1,2015
鹤壁市,1996,0,1,2015
鹤壁市,1997,0,1,2015
鹤壁市,1998,0,1,2015
鹤壁市,1999,0,1,2015
鹤壁市,2000,0,1,2015
鹤壁市,2001,0,1,2015
鹤壁市,2002,0,1,2015
鹤壁市,2003,0,1,2015
鹤壁市,2004,0,1,2015
鹤壁市,2005,0,1,2015
鹤壁市,2006,0,1,2015
鹤壁市,2007,0,1,2015
鹤壁市,2008,0,1,2015
鹤壁市,2009,0,1,2015
鹤壁市,2010,0,1,2015
鹤壁市,2011,0,1,2015
鹤壁市,2012,0,1,2015
鹤壁市,2013,0,1,2015
鹤壁市,2014,0,1,2015
鹤壁市,2015,1,1,2015
鹤壁市,2016,1,1,2015
鹤壁市,2017,1,1,2015
鹤壁市,2018,1,1,2015
鹤壁市,2019,1,1,2015
鹤壁市,2020,1,1,2015
鹤壁市,2021,1,1,2015
鹤壁市,2022,1,1,2015
鹤壁市,2023,1,1,2015
鹤岗市,1990,0,0,0
鹤岗市,1991,0,0,0
鹤岗市,1992,0,0,0
鹤岗市,1993,0,0,0
鹤岗市,1994,0,0,0
鹤岗市,1995,0,0,0
鹤岗市,1996,0,0,0
鹤岗市,1997,0,0,0
鹤岗市,1998,0,0,0
鹤岗市,1999,0,0,0
鹤岗市,2000,0,0,0
鹤岗市,2001,0,0,0
鹤岗市,2002,0,0,0
鹤岗市,2003,0,0,0
鹤岗市,2004,0,0,0
鹤岗市,2005,0,0,0
鹤岗市,2006,0,0,0
鹤岗市,2007,0,0,0
鹤岗市,2008,0,0,0
鹤岗市,2009,0,0,0
鹤岗市,2010,0,0,0
鹤岗市,2011,0,0,0
鹤岗市,2012,0,0,0
鹤岗市,2013,0,0,0
鹤岗市,2014,0,0,0
鹤岗市,2015,0,0,0
鹤岗市,2016,0,0,0
鹤岗市,2017,0,0,0
鹤岗市,2018,0,0,0
鹤岗市,2019,0,0,0
鹤岗市,2020,0,0,0
鹤岗市,2021,0,0,0
鹤岗市,2022,0,0,0
鹤岗市,2023,0,0,0
鹰潭市,1990,0,0,0
鹰潭市,1991,0,0,0
鹰潭市,1992,0,0,0
鹰潭市,1993,0,0,0
鹰潭市,1994,0,0,0
鹰潭市,1995,0,0,0
鹰潭市,1996,0,0,0
鹰潭市,1997,0,0,0
鹰潭市,1998,0,0,0
鹰潭市,1999,0,0,0
鹰潭市,2000,0,0,0
鹰潭市,2001,0,0,0
鹰潭市,2002,0,0,0
鹰潭市,2003,0,0,0
鹰潭市,2004,0,0,0
鹰潭市,2005,0,0,0
鹰潭市,2006,0,0,0
鹰潭市,2007,0,0,0
鹰潭市,2008,0,0,0
鹰潭市,2009,0,0,0
鹰潭市,2010,0,0,0
鹰潭市,2011,0,0,0
鹰潭市,2012,0,0,0
鹰潭市,2013,0,0,0
鹰潭市,2014,0,0,0
鹰潭市,2015,0,0,0
鹰潭市,2016,0,0,0
鹰潭市,2017,0,0,0
鹰潭市,2018,0,0,0
鹰潭市,2019,0,0,0
鹰潭市,2020,0,0,0
鹰潭市,2021,0,0,0
鹰潭市,2022,0,0,0
鹰潭市,2023,0,0,0
黄冈市,1990,0,0,0
黄冈市,1991,0,0,0
黄冈市,1992,0,0,0
黄冈市,1993,0,0,0
黄冈市,1994,0,0,0
黄冈市,1995,0,0,0
黄冈市,1996,0,0,0
黄冈市,1997,0,0,0
黄冈市,1998,0,0,0
黄冈市,1999,0,0,0
黄冈市,2000,0,0,0
黄冈市,2001,0,0,0
黄冈市,2002,0,0,0
黄冈市,2003,0,0,0
黄冈市,2004,0,0,0
黄冈市,2005,0,0,0
黄冈市,2006,0,0,0
黄冈市,2007,0,0,0
黄冈市,2008,0,0,0
黄冈市,2009,0,0,0
黄冈市,2010,0,0,0
黄冈市,2011,0,0,0
黄冈市,2012,0,0,0
黄冈市,2013,0,0,0
黄冈市,2014,0,0,0
黄冈市,2015,0,0,0
黄冈市,2016,0,0,0
黄冈市,2017,0,0,0
黄冈市,2018,0,0,0
黄冈市,2019,0,0,0
黄冈市,2020,0,0,0
黄冈市,2021,0,0,0
黄冈市,2022,0,0,0
黄冈市,2023,0,0,0
黄山市,1990,0,0,0
黄山市,1991,0,0,0
黄山市,1992,0,0,0
黄山市,1993,0,0,0
黄山市,1994,0,0,0
黄山市,1995,0,0,0
黄山市,1996,0,0,0
黄山市,1997,0,0,0
黄山市,1998,0,0,0
黄山市,1999,0,0,0
黄山市,2000,0,0,0
黄山市,2001,0,0,0
黄山市,2002,0,0,0
黄山市,2003,0,0,0
黄山市,2004,0,0,0
黄山市,2005,0,0,0
黄山市,2006,0,0,0
黄山市,2007,0,0,0
黄山市,2008,0,0,0
黄山市,2009,0,0,0
黄山市,2010,0,0,0
黄山市,2011,0,0,0
黄山市,2012,0,0,0
黄山市,2013,0,0,0
黄山市,2014,0,0,0
黄山市,2015,0,0,0
黄山市,2016,0,0,0
黄山市,2017,0,0,0
黄山市,2018,0,0,0
黄山市,2019,0,0,0
黄山市,2020,0,0,0
黄山市,2021,0,0,0
黄山市,2022,0,0,0
黄山市,2023,0,0,0
黄石市,1990,0,0,0
黄石市,1991,0,0,0
黄石市,1992,0,0,0
黄石市,1993,0,0,0
黄石市,1994,0,0,0
黄石市,1995,0,0,0
黄石市,1996,0,0,0
黄石市,1997,0,0,0
黄石市,1998,0,0,0
黄石市,1999,0,0,0
黄石市,2000,0,0,0
黄石市,2001,0,0,0
黄石市,2002,0,0,0
黄石市,2003,0,0,0
黄石市,2004,0,0,0
黄石市,2005,0,0,0
黄石市,2006,0,0,0
黄石市,2007,0,0,0
黄石市,2008,0,0,0
黄石市,2009,0,0,0
黄石市,2010,0,0,0
黄石市,2011,0,0,0
黄石市,2012,0,0,0
黄石市,2013,0,0,0
黄石市,2014,0,0,0
黄石市,2015,0,0,0
黄石市,2016,0,0,0
黄石市,2017,0,0,0
黄石市,2018,0,0,0
黄石市,2019,0,0,0
黄石市,2020,0,0,0
黄石市,2021,0,0,0
黄石市,2022,0,0,0
黄石市,2023,0,0,0
黑河市,1990,0,0,0
黑河市,1991,0,0,0
黑河市,1992,0,0,0
黑河市,1993,0,0,0
黑河市,1994,0,0,0
黑河市,1995,0,0,0
黑河市,1996,0,0,0
黑河市,1997,0,0,0
黑河市,1998,0,0,0
黑河市,1999,0,0,0
黑河市,2000,0,0,0
黑河市,2001,0,0,0
黑河市,2002,0,0,0
黑河市,2003,0,0,0
黑河市,2004,0,0,0
黑河市,2005,0,0,0
黑河市,2006,0,0,0
黑河市,2007,0,0,0
黑河市,2008,0,0,0
黑河市,2009,0,0,0
黑河市,2010,0,0,0
黑河市,2011,0,0,0
黑河市,2012,0,0,0
黑河市,2013,0,0,0
黑河市,2014,0,0,0
黑河市,2015,0,0,0
黑河市,2016,0,0,0
黑河市,2017,0,0,0
黑河市,2018,0,0,0
黑河市,2019,0,0,0
黑河市,2020,0,0,0
黑河市,2021,0,0,0
黑河市,2022,0,0,0
黑河市,2023,0,0,0
齐齐哈尔市,1990,0,0,0
齐齐哈尔市,1991,0,0,0
齐齐哈尔市,1992,0,0,0
齐齐哈尔市,1993,0,0,0
齐齐哈尔市,1994,0,0,0
齐齐哈尔市,1995,0,0,0
齐齐哈尔市,1996,0,0,0
齐齐哈尔市,1997,0,0,0
齐齐哈尔市,1998,0,0,0
齐齐哈尔市,1999,0,0,0
齐齐哈尔市,2000,0,0,0
齐齐哈尔市,2001,0,0,0
齐齐哈尔市,2002,0,0,0
齐齐哈尔市,2003,0,0,0
齐齐哈尔市,2004,0,0,0
齐齐哈尔市,2005,0,0,0
齐齐哈尔市,2006,0,0,0
齐齐哈尔市,2007,0,0,0
齐齐哈尔市,2008,0,0,0
齐齐哈尔市,2009,0,0,0
齐齐哈尔市,2010,0,0,0
齐齐哈尔市,2011,0,0,0
齐齐哈尔市,2012,0,0,0
齐齐哈尔市,2013,0,0,0
齐齐哈尔市,2014,0,0,0
齐齐哈尔市,2015,0,0,0
齐齐哈尔市,2016,0,0,0
齐齐哈尔市,2017,0,0,0
齐齐哈尔市,2018,0,0,0
齐齐哈尔市,2019,0,0,0
齐齐哈尔市,2020,0,0,0
齐齐哈尔市,2021,0,0,0
齐齐哈尔市,2022,0,0,0
齐齐哈尔市,2023,0,0,0
龙岩市,1990,0,0,0
龙岩市,1991,0,0,0
龙岩市,1992,0,0,0
龙岩市,1993,0,0,0
龙岩市,1994,0,0,0
龙岩市,1995,0,0,0
龙岩市,1996,0,0,0
龙岩市,1997,0,0,0
龙岩市,1998,0,0,0
龙岩市,1999,0,0,0
龙岩市,2000,0,0,0
龙岩市,2001,0,0,0
龙岩市,2002,0,0,0
龙岩市,2003,0,0,0
龙岩市,2004,0,0,0
龙岩市,2005,0,0,0
龙岩市,2006,0,0,0
龙岩市,2007,0,0,0
龙岩市,2008,0,0,0
龙岩市,2009,0,0,0
龙岩市,2010,0,0,0
龙岩市,2011,0,0,0
龙岩市,2012,0,0,0
龙岩市,2013,0,0,0
龙岩市,2014,0,0,0
龙岩市,2015,0,0,0
龙岩市,2016,0,0,0
龙岩市,2017,0,0,0
龙岩市,2018,0,0,0
龙岩市,2019,0,0,0
龙岩市,2020,0,0,0
龙岩市,2021,0,0,0
龙岩市,2022,0,0,0
龙岩市,2023,0,0,0
